,working_hours,location,model,extension,const_year,price
0,8973,FI,308,D,2011,44900
1,4183,PL,308,E2,2016,49040
2,4655,PL,308,E2,2017,57943
3,3175,GB,308,E2,2015,45335
4,2500,GB,308,E2,2018,51222
5,6000,IT,308,D,2010,38000
6,3018,FR,308,E2,2017,59500
7,8055,FI,308,D,2011,42900
8,3071,DE,308,E2,2017,41176
9,415,NL,308,,2021,88500
10,5541,DE,308,C,2008,39900
11,7099,DE,308,E,2012,46500
12,3400,DE,308,E2,2014,50000
13,4209,DE,308,E,2014,47000
14,2000,GB,308,E2,2019,64554
15,3295,GB,308,,2019,66375
16,4500,GB,308,E,2014,38132
17,6390,FR,308,D,2010,30000
18,2956,FR,308,E2,2017,60000
19,4223,SE,308,E2,2016,65460
20,4257,FI,308,E2,2017,69900
21,6800,SE,308,E2,2014,54654
22,2568,DE,308,E2,2016,61890
23,3900,GB,308,E2,2017,45300
24,3275,GB,308,E2,2015,44704
25,998,DE,308,,2020,84750
26,2023,CH,308,E2,2018,70743
27,2860,GB,308,,2019,68126
28,1680,SE,308,E2,2017,77353
29,2600,ES,308,E,2018,80000
30,4500,SE,308,E2,2015,63164
31,1800,FR,308,E,2020,80000
32,3245,AT,308,D,2012,55500
33,5900,DE,308,E,2012,39500
34,2155,DE,308,E,2018,77900
35,1972,GB,308,E2,2019,82694
36,2885,BE,308,E,2013,41000
37,750,NL,308,E,2020,91000
38,736,GB,308,E2,2018,64783
39,2653,IT,308,E2,2018,63000
40,7998,FI,308,C,2005,38500
41,4080,IE,308,E2,2016,72526
42,3400,DE,308,D,2011,50500
43,1933,GB,308,E,2017,90822
44,7748,NL,308,E,2012,39900
45,5200,RO,308,E2,2014,51000
46,9333,NL,308,E2,2013,42950
47,3704,FI,308,E2,2013,56000
48,5300,GB,308,E2,2014,36946
49,5162,GB,308,E2,2013,35242
50,7729,FI,308,D,2011,44500
51,4750,FI,308,D,2010,49900
52,5100,PL,308,D,2010,36000
53,1490,GE,308,E2,2017,84843
54,6550,FR,308,E,2012,41900
55,5200,NL,308,D,2011,34500
56,6300,PL,308,D,2012,36060
57,5369,DE,308,D,2011,43500
58,5600,IT,308,D,2010,44000
59,570,FR,308,E2,2016,64000
60,9075,SE,308,D,2012,57143
61,5135,PL,308,E2,2015,50598
62,2662,FI,308,E2,2018,69000
63,7480,SE,308,E,2012,52523
64,4100,SE,308,E,2017,62679
65,726,PL,308,,2019,72554
66,6560,FR,308,C,2006,25900
67,447,DE,308,E2,2019,84200
68,4377,NO,308,E2,2014,61495
69,7501,NL,308,D,2011,33800
70,4484,ES,308,E,2013,48000
71,1486,GE,308,E2,2017,85206
72,6500,FR,308,E,2012,38900
73,4700,NL,308,E2,2015,41900
74,2222,IT,308,E2,2017,59900
75,5600,PL,308,D,2011,32500
76,4579,SK,308,E2,2017,56000
77,9804,EE,308,D,2011,45000
78,1735,DE,308,E,2017,67000
79,5000,BE,308,E2,2015,40000
80,1095,DE,308,D,2019,69900
81,2940,DE,308,E,2015,49900
82,4700,LT,308,D,2011,31500
83,6192,DE,308,D,2012,33900
84,6200,FR,308,E2,2012,32800
85,1600,NL,308,E2,2019,58500
86,750,PL,308,E,2020,70200
87,2594,FR,308,E2,2017,76000
88,7454,FI,308,E,2012,42500
89,3200,SE,308,E,2013,53095
90,2700,AT,308,C,2007,42500
91,4885,BE,308,C,2008,26000
92,3755,FR,308,E2,2016,50000
93,3190,DE,308,,2016,47900
94,4700,NL,308,E2,2014,41900
95,5138,IT,308,D,2009,32000
96,4750,DE,308,E2,2015,44000
97,3700,ES,308,D,2012,35750
98,7989,ES,308,D,2010,27250
99,3015,FI,308,E2,2016,55800
100,8060,SE,308,E,2013,46361
101,4090,PL,308,E2,2017,53936
102,4277,FR,308,E2,2017,50000
103,478,PL,308,E2,2017,50930
104,2522,FR,308,E2,2017,70000
105,5143,NL,308,D,2009,33500
106,2456,NL,308,E2,2016,56900
107,4068,BE,308,E2,2015,53500
108,2936,IT,308,E2,2013,44000
109,2149,DE,308,C,2019,64700
110,2997,DE,308,E,2016,53900
111,2838,FI,308,NG,2019,75000
112,6673,BE,308,D,2010,24950
113,457,PL,308,,2019,54481
114,4907,FI,308,E2,2015,58000
115,2900,NO,308,E2,2014,55954
116,3441,DE,308,E2,2014,35500
117,1115,NL,308,E2,2018,67800
118,1170,CZ,308,E2,2018,63694
119,3213,PL,308,E2,2017,56000
120,4611,FR,308,E2,2017,53000
121,4090,FR,308,E2,2015,52000
122,7966,CZ,308,D,2008,29722
123,1706,NL,308,E2,2017,59000
124,3050,BE,308,E2,2015,45000
125,2000,DE,308,E2,2017,57000
126,2365,DE,308,E2,2016,49950
127,5025,NO,308,E2,2014,57503
128,1689,EE,308,E2,2016,54750
129,1746,BE,308,E,2015,62500
130,4637,NL,308,E,2012,43500
131,3417,LT,308,E2,2016,43000
132,2017,IT,308,E2,2017,59000
133,626,IT,308,E2,2018,72000
134,5700,SE,308,E,2012,39994
135,4071,NL,308,E,2012,41900
136,2580,UA,308,E2,2016,83000
137,3033,BE,308,E2,2017,48750
138,5145,PL,308,E,2015,47448
139,2800,DE,308,E2,2015,51900
140,1411,PL,308,E2,2018,56282
141,462,PL,308,,2019,60628
142,5700,IT,308,D,2009,32000
143,5250,SE,308,C,2006,38591
144,3653,PL,308,E2,2017,54109
145,4090,IT,308,E2,2015,51000
146,7617,AT,308,E2,2014,41500
147,920,DE,308,,2019,69950
148,2565,CH,308,E2,2016,55229
149,1850,FR,308,E,2017,59500
150,2039,FR,308,E2,2017,40900
151,1311,SE,308,E2,2018,82263
152,2780,IT,308,E2,2017,61000
153,3000,GB,308,E,2016,51320
154,2399,SK,308,E2,2016,60000
155,8300,DE,308,D,2010,28900
156,2660,CH,308,E2,2016,56750
157,4250,AT,308,E2,2016,53900
158,1479,LT,308,E2,2018,67750
159,4400,RO,308,E2,2014,44900
160,687,FI,308,E2,2019,74000
161,2716,IT,308,E2,2017,62000
162,1800,SI,308,E2,2019,78500
163,3960,PL,308,E2,2016,46316
164,2400,FI,308,E2,2018,79900
165,2433,BE,308,E2,2014,46500
166,4865,BE,308,D,2010,38500
167,2176,FR,308,E2,2018,69000
168,2537,FR,308,E2,2018,66000
169,2802,IT,308,E2,2016,57000
170,3079,PL,308,E2,2014,43550
171,6127,IT,308,E2,2014,37000
172,4114,PL,308,E2,2015,44603
173,8600,SE,308,D,2012,46826
174,2851,PL,308,E2,2016,50219
175,4900,UA,308,C,2007,28500
176,785,DE,308,E2,2017,74500
177,1625,GE,308,D,2009,54663
178,9035,NO,308,D,2010,48067
179,3540,FR,308,E2,2016,61000
180,7000,PL,308,D,2010,33180
181,4724,LV,308,E2,2016,49000
182,4000,DE,308,E,2012,42000
183,1754,PL,308,,2019,78425
184,7698,FI,308,D,2011,43000
185,8110,FI,308,D,2011,52900
186,3250,FR,308,E2,2015,51900
187,1646,IT,308,E2,2017,59000
188,4134,FI,308,E2,2014,59900
189,7700,SE,308,E,2013,46664
190,5338,FI,308,E2,2017,58500
191,1450,BE,308,E2,2017,52450
192,1403,PL,308,E2,2018,56000
193,5664,LT,308,E,2013,39900
194,3500,DE,308,E2,2017,49900
195,1600,PL,308,E2,2017,53150
196,1427,LT,308,E2,2019,69000
197,7681,UA,308,E,2013,50900
198,4430,FR,308,E,2012,41500
199,4484,FR,308,D,2012,38000
200,2580,NL,308,E2,2016,52500
201,310,PL,308,E2,2018,66000
202,1737,PL,308,E2,2018,63119
203,2210,BE,308,E2,2018,67000
204,2281,FR,308,E2,2016,65000
205,2525,DE,308,E,2016,59000
206,4393,ES,308,E,2012,42500
207,1287,FR,308,E2,2017,68000
208,5336,ES,308,D,2011,44500
209,1829,FR,308,E2,2018,72000
210,1,FI,308,E2,2015,49700
211,7,DE,308,E2,2020,74500
212,7,DE,308,E2,2018,74500
213,29,PL,308,E2,2018,54210
214,5000,GB,320,,2018,129823
215,7340,RU,320,,2018,150972
216,8906,NO,320,E,2012,78954
217,6070,NL,320,D2,2018,99000
218,550,DE,320,NG,2019,87000
219,9644,NL,320,D,2007,42500
220,7486,NL,320,D,2010,63900
221,6971,DE,320,E,2013,71500
222,12609,NL,320,D,2010,58900
223,6000,NO,320,D,2011,70874
224,5703,NL,320,F,2017,100000
225,10625,SE,320,E,2012,86064
226,10535,TR,320,D,2013,74250
227,2700,NL,320,NG,2020,97500
228,2542,NL,320,NG,2019,97500
229,12000,PL,320,D,2008,21500
230,8600,LV,320,E,2015,83500
231,7740,NL,320,D,2010,61900
232,6000,IT,320,C,2005,48000
233,4980,PL,320,E,2014,88000
234,9508,DE,320,E,2013,68500
235,7134,DE,320,E,2012,68900
236,1302,AT,320,NG,2019,125900
237,10000,DE,320,E,2012,64900
238,8111,BG,320,D,2010,58900
239,9150,DE,320,E,2012,69500
240,7735,NO,320,E,2015,98770
241,13073,NL,320,C,2006,41000
242,3100,BY,320,NG,2020,115000
243,8750,NO,320,E,2014,86780
244,9700,GB,320,D,2007,49453
245,13600,ES,320,D,2010,56000
246,715,BE,320,D3,2020,89000
247,4607,GB,320,,2018,107248
248,11695,GB,320,D,2011,51192
249,9344,NL,320,C,2005,48500
250,12000,GB,320,D,2007,45765
251,8258,FR,320,D,2011,52000
252,6875,BE,320,E,2015,79500
253,1737,DE,320,NG,2020,165000
254,9300,IE,320,E,2013,66500
255,4355,AT,320,NG,2018,121500
256,7600,NO,320,E,2015,99430
257,9377,PL,320,E,2015,112100
258,16339,NL,320,D,2008,37500
259,12982,NL,320,D,2008,47500
260,5942,BE,320,D2,2017,68880
261,9590,FI,320,E,2013,89500
262,13725,NL,320,D,2009,49800
263,8800,NO,320,E,2014,83580
264,12036,PL,320,C,2005,47044
265,6949,ES,320,E,2016,104500
266,7696,FR,320,F,2016,95000
267,8250,FR,320,D,2011,55000
268,12372,PL,320,E,2012,65000
269,8600,BY,320,D,2010,46900
270,7700,NO,320,E,2015,99770
271,9040,DE,320,E,2013,67500
272,9200,NO,320,D,2011,47326
273,11807,SE,320,E,2013,68563
274,13057,IE,320,B,2005,29950
275,10748,BE,320,E,2014,59000
276,7800,PL,320,E,2014,77500
277,16737,FR,320,D,2010,42900
278,9701,NL,320,E,2013,10000
279,8558,DE,320,E,2013,102221
280,10687,FR,320,E,2012,65000
281,11000,LT,320,E,2015,70000
282,11075,NL,320,D,2008,51900
283,3374,DE,320,NG,2019,159000
284,7800,FI,320,E,2014,105000
285,7720,PL,320,E,2015,74500
286,9674,FI,320,E,2015,98000
287,7814,FI,320,D,2008,46000
288,6900,DE,320,E,2012,69500
289,9996,EE,320,E,2012,62500
290,8300,GB,320,E,2015,71080
291,5027,DE,320,NG,2018,120000
292,17897,NL,320,D,2007,47800
293,12081,NL,320,E,2013,69800
294,8776,PT,320,F,2012,69000
295,8458,NL,320,E,2012,69000
296,1515,FR,320,NG,2018,155000
297,8169,NL,320,E,2014,67800
298,6500,DE,320,E,2016,118000
299,10611,DE,320,E,2012,66000
300,1608,UA,320,D2,2018,117000
301,1750,UA,320,D,2018,115000
302,246,DE,320,NG,2020,134500
303,11760,NL,320,E,2013,66900
304,9500,PL,320,E,2014,61858
305,2710,TR,320,NG,2020,95000
306,9300,FI,320,E,2015,82000
307,4335,FR,320,E,2015,120000
308,8470,TR,320,D,2014,72000
309,7200,FR,320,F,2017,103000
310,3215,PL,320,NG,2020,136000
311,2801,PL,320,NG,2019,128000
312,3744,PL,320,F,2016,156000
313,8500,NO,320,E,2014,64611
314,3000,TR,320,,2018,96400
315,9950,NO,320,E,2013,71911
316,10600,DE,320,E,2013,60900
317,7337,SE,320,F,2016,116581
318,895,BE,320,D3,2019,89000
319,18706,NL,320,D,2011,49800
320,11147,PL,320,D,2010,41430
321,1403,NL,320,D3,2018,81800
322,1701,NL,320,D3,2020,86800
323,1364,NL,320,D,2018,85800
324,10275,NL,320,E,2012,62900
325,3330,FI,320,F,2017,124900
326,12076,EE,320,E,2013,67900
327,1181,FR,320,NG,2019,150000
328,8443,FR,320,E,2015,70000
329,10458,PL,320,E,2013,70280
330,5905,FI,320,F,2016,125000
331,6876,PL,320,E,2015,83499
332,10649,PL,320,E,2014,79214
333,3531,PL,320,F,2017,144000
334,11135,NL,320,E,2012,65900
335,12700,NL,320,C,2005,47750
336,7461,EE,320,E,2013,73000
337,398,DE,320,NG,2021,159000
338,8811,BE,320,E,2014,69000
339,4771,UK,320,F,2017,71846
340,5805,NL,320,F,2017,84900
341,8657,EE,320,E,2012,73000
342,5200,DE,320,E,2013,93000
343,10128,DE,320,D,2009,54700
344,6390,FI,320,F,2017,119000
345,15878,NL,320,D,2007,56000
346,11322,NL,320,D,2009,51900
347,15191,NL,320,C,2006,44900
348,7408,NO,320,E,2015,79381
349,9190,BE,320,E,2013,7500
350,9698,BE,320,E,2013,7500
351,13000,IE,320,D,2012,55000
352,3100,LV,320,NG,2019,135000
353,5400,LV,320,NG,2018,95000
354,13717,NL,320,D,2007,51500
355,9000,NL,320,C,2005,44500
356,6500,NO,320,E,2014,84404
357,10430,EE,320,D,2006,43900
358,6463,DE,320,E,2012,79000
359,1925,BE,320,NG,2018,137000
360,6811,SK,320,E,2016,97000
361,3862,NL,320,NG,2019,119500
362,6779,NL,320,E,2014,72500
363,13300,DE,320,D,2008,47000
364,7482,NL,320,E,2012,147500
365,9100,BE,320,E,2013,58000
366,9600,BE,320,E,2013,58000
367,10645,SE,320,E,2014,67683
368,11000,RO,320,D,2012,58000
369,11260,PL,320,E,2012,73272
370,7100,NO,320,E,2015,102372
371,7567,PL,320,D,2011,59000
372,5540,DE,320,,2018,119000
373,2930,FR,320,F,2017,140000
374,11600,FR,320,E,2013,56500
375,10074,NL,320,E,2015,66800
376,9799,NL,320,C,2005,45000
377,8674,NL,320,D,2009,64950
378,10545,NL,320,D,2007,54900
379,8986,NL,320,E,2013,68900
380,6692,DE,320,E,2015,62000
381,3067,BE,320,F,2017,115000
382,10779,LV,320,E,2013,71000
383,12154,NL,320,E,2013,59900
384,10646,BE,320,D,2011,44000
385,10226,NL,320,D,2008,52900
386,6650,FI,320,E,2015,97000
387,8673,LV,320,E,2014,71000
388,5258,PL,320,E,2016,115000
389,5950,PL,320,E,2014,99940
390,12384,SE,320,C,2005,31520
391,5184,BE,320,D2,2016,64000
392,9300,NL,320,D,2010,52750
393,11000,NL,320,D,2012,69000
394,10789,NL,320,D,2008,46800
395,7200,DE,320,E,2014,77000
396,7153,RU,320,D,2017,101912
397,5423,RU,320,D,2017,108861
398,8550,LV,320,E,2015,77000
399,3559,DE,320,F,2016,115000
400,10688,NL,320,E,2013,61800
401,9381,GB,320,E,2015,66658
402,2000,NO,320,E,2015,78299
403,5061,NL,320,E,2016,82900
404,10579,LT,320,E,2014,85000
405,10330,NO,320,E,2013,74725
406,10618,DE,320,E,2014,65000
407,8137,BE,320,E,2015,69000
408,11500,TR,320,D,2012,59000
409,13495,GB,320,C,2006,51783
410,8500,PT,320,E,2015,85000
411,7450,NO,320,E,2015,78598
412,2722,NL,320,D,2019,82800
413,7400,DE,320,E,2014,79000
414,4184,CH,320,E,2015,112107
415,11000,TR,320,D,2008,52000
416,11180,GB,320,E,2015,70273
417,7300,FI,320,E,2013,109800
418,10300,LV,320,E,2012,52750
419,5647,FI,320,F,2017,110000
420,2300,HU,320,F,2017,120000
421,6719,UK,320,NG,2018,89249
422,6990,PL,320,E,2015,95833
423,9990,PL,320,E,2013,76666
424,4440,FR,320,F,2016,135000
425,2664,PL,320,NG,2018,132000
426,2755,PL,320,NG,2019,122000
427,11054,GB,320,D,2008,53033
428,13000,TR,320,D,2011,52000
429,14725,PL,320,E,2013,137000
430,3713,NL,320,D3,2019,78900
431,6304,FR,320,E,2013,94000
432,10781,NL,320,E,2013,66000
433,8221,NL,320,D,2013,49750
434,9690,NL,320,D,2011,47000
435,10650,NL,320,D,2010,57000
436,11100,BE,320,E,2012,56500
437,10563,PL,320,E,2015,62280
438,7900,PL,320,E,2015,76000
439,6006,PL,320,E,2011,59700
440,7200,PL,320,C,2005,35500
441,6226,PL,320,E,2015,83750
442,7789,PL,320,E,2016,83540
443,1400,DE,320,E,2018,88500
444,1940,DE,320,NG,2018,119500
445,6821,DE,320,F,2017,84000
446,6386,DE,320,E,2014,79900
447,10078,NL,320,E,2014,59800
448,1298,DE,320,NG,2019,149500
449,2350,BE,320,D2,2016,80000
450,14914,BE,320,D2,2013,10000
451,954,NL,320,NG,2018,97800
452,2710,NL,320,NG,2018,89800
453,6437,NL,320,E,2016,79800
454,12661,NL,320,D,2008,45800
455,10416,FR,320,D,2008,13899
456,9103,NL,320,D,2008,45000
457,9172,TR,320,D,2014,73900
458,6872,UA,320,E,2015,84500
459,13597,NL,320,C,2005,34800
460,7520,DE,320,E,2014,69000
461,6500,HU,320,E,2016,79500
462,20000,PL,320,D,2011,41000
463,8700,FR,320,D,2011,84000
464,9000,RO,320,D,2011,42900
465,5000,DE,320,F,2016,19500
466,8900,DE,320,E,2013,62900
467,4400,PL,320,E,2013,110000
468,2459,PL,320,E,2015,84127
469,10895,HU,320,E,2014,82750
470,5800,FR,320,E,2015,90000
471,5600,PL,320,D,2010,75000
472,2799,NL,320,D3,2018,84900
473,9547,NL,320,C,2005,42000
474,10312,NL,320,C,2006,42000
475,6771,CH,320,E,2014,81203
476,8388,DE,320,E,2014,85000
477,5968,DE,320,E,2014,120000
478,10517,DE,320,D,2007,51000
479,2000,DE,320,NG,2017,105000
480,8091,DE,320,F,2016,85000
481,3869,DE,320,NG,2018,149000
482,3308,DE,320,NG,2018,155000
483,7804,NO,320,E,2014,85019
484,1346,HU,320,NG,2019,129900
485,8839,NL,320,D2,2017,66500
486,5888,UA,320,E,2015,110000
487,2225,PL,320,F,2017,135000
488,3738,FI,320,F,2016,126800
489,3950,SE,320,E,2014,107579
490,6761,BE,320,E,2013,65950
491,9346,NO,320,E,2011,73165
492,8000,PL,320,E,2014,69972
493,4322,SE,320,E,2015,120607
494,10800,FI,320,E,2015,89000
495,8463,SE,320,E,2015,76888
496,765,UK,320,NG,2018,105149
497,4065,NL,320,D2,2018,84800
498,7983,UA,320,D,2012,69000
499,3093,PL,320,E,2014,97876
500,5273,EE,320,E,2015,79000
501,6771,PL,320,E,2015,73898
502,10684,FR,320,E,2013,55000
503,4670,RO,320,E,2014,93000
504,4600,ES,320,E,2015,1
505,7236,EE,320,E,2015,76900
506,7632,PL,320,E,2016,84361
507,7176,PL,320,E,2015,76078
508,4841,ES,320,E,2015,92000
509,9470,RU,320,D2,2016,81329
510,8000,PT,320,D,2007,40700
511,2170,PL,320,NG,2019,133000
512,14613,NL,320,C,2005,41800
513,2956,SE,320,F,2016,154729
514,4662,PL,320,F,2017,86977
515,2239,PL,320,NG,2018,136000
516,14000,PL,320,D,2011,45000
517,12095,PL,320,E,2013,62980
518,8822,FR,320,D,2011,62000
519,18730,PL,320,C,2007,38650
520,7370,FR,320,E,2012,74500
521,6600,FR,320,E,2016,75000
522,1800,FR,320,F,2017,124000
523,5423,BE,320,D2,2017,110000
524,8521,EE,320,E,2012,80000
525,8287,PL,320,E,2015,74000
526,7549,PL,320,E,2016,78000
527,6512,PL,320,E,2014,78000
528,3150,BE,320,F,2017,105000
529,9685,PL,320,E,2012,57240
530,13488,AT,320,E,2013,57000
531,5300,DE,320,E,2015,93000
532,13551,PL,320,D,2012,62000
533,8122,DE,320,E,2015,72900
534,7932,GB,320,,2016,46000
535,6700,DE,320,,2005,49500
536,15801,NL,320,D,2011,51900
537,3588,FR,320,E,2013,114000
538,7780,DE,320,F,2015,95000
539,2262,DE,320,F,2017,109900
540,7893,BE,320,E,2015,69500
541,1730,DE,320,NG,2017,110500
542,5021,AT,320,E,2015,76300
543,5300,PL,320,E,2015,79000
544,9740,NL,320,E,2013,69950
545,2190,BE,320,F,2017,119900
546,5100,BE,320,E,2014,87500
547,4050,PL,320,E,2016,119000
548,9500,PL,320,D,2008,44000
549,6840,FR,320,E,2015,80000
550,9036,NL,320,C,2005,55900
551,13466,NL,320,D,2010,51500
552,8150,DE,320,E,2012,69500
553,9364,DE,320,E,2014,67000
554,5692,DE,320,E,2015,79000
555,4602,DE,320,E,2015,89500
556,2701,NL,320,E,2015,115000
557,12499,NL,320,D,2006,42800
558,13272,NL,320,D,2008,45000
559,10137,LT,320,E,2012,65000
560,10000,RO,320,D,2011,59000
561,9390,NL,320,E,2013,71500
562,6000,LT,320,E,2016,60500
563,4957,NL,320,F,2017,86600
564,7285,RU,320,D,2007,67370
565,6626,RU,320,D,2013,84130
566,7260,RU,320,D,2012,75960
567,7633,RU,320,D,2008,69920
568,8655,RU,320,D,2008,72030
569,4904,RU,320,D,2012,92710
570,5760,RU,320,D,2010,58450
571,11318,RU,320,D,2009,59620
572,11027,RU,320,D,2006,62140
573,6761,BE,320,E,2015,69950
574,8903,RU,320,D,2007,53260
575,14530,NL,320,D,2009,42500
576,5000,LT,320,E,2016,72000
577,12596,NL,320,D,2008,42500
578,9448,NO,320,E,2015,93879
579,6000,NO,320,E,2015,96660
580,13000,LV,320,D,2008,50000
581,8500,FR,320,E,2014,85000
582,9876,NL,320,D,2008,45000
583,9624,NL,320,C,2006,42000
584,6345,FR,320,E,2015,85900
585,15200,NL,320,D,2007,45500
586,18200,NL,320,D,2008,42000
587,3239,LT,320,NG,2018,125000
588,8800,ES,320,E,2015,89000
589,4313,DE,320,E,2013,78950
590,16000,NL,320,D,2009,45000
591,3577,NL,320,D3,2019,86800
592,6400,RO,320,E,2012,68000
593,11500,FI,320,D,2011,63900
594,7107,PL,320,F,2017,85000
595,2480,NL,320,D2,2018,91800
596,10573,AT,320,E,2013,64900
597,10117,NL,320,D,2008,55000
598,10035,NL,320,E,2014,69500
599,6000,DE,320,D,2011,89500
600,2561,DE,320,E,2013,138500
601,10500,DE,320,C,2005,31900
602,1700,DE,320,,2017,78500
603,7466,NL,320,E,2014,67800
604,5375,DE,320,E,2015,98900
605,2656,DE,320,NG,2018,140000
606,8700,NO,320,E,2014,77310
607,7400,NO,320,,2015,91820
608,8680,TR,320,D,2012,50000
609,8900,BE,320,E,2012,69000
610,7350,EE,320,E,2013,76000
611,3000,LT,320,E,2015,75000
612,16000,TR,320,D,2008,47900
613,4700,BE,320,E,2016,108900
614,5700,BE,320,E,2014,87500
615,4250,BE,320,F,2017,116900
616,3200,BE,320,F,2017,119900
617,10407,BE,320,E,2013,57000
618,3580,BE,320,F,2016,119000
619,6136,EE,320,F,2017,90000
620,1534,PL,320,NG,2019,144000
621,1791,PL,320,NG,2018,141000
622,2218,FR,320,F,2017,145000
623,3531,FR,320,F,2017,137000
624,3089,PL,320,E,2014,99000
625,3929,NL,320,D3,2018,84900
626,2322,NL,320,D2,2018,89900
627,11254,NL,320,D,2009,45000
628,10048,NL,320,E,2015,66900
629,4500,LT,320,E,2015,58500
630,12257,NL,320,D,2012,50800
631,15161,LV,320,D,2007,35000
632,8256,NL,320,C,2005,47500
633,16000,FI,320,D,2007,59500
634,6786,NL,320,E,2015,85000
635,7983,NL,320,D,2012,49500
636,6600,PL,320,E,2014,69240
637,8500,PL,320,E,2012,66930
638,4218,PL,320,E,2016,94510
639,5615,DE,320,E,2014,120000
640,7460,DE,320,E,2014,91300
641,36,NL,320,NG,2021,121800
642,5,NL,320,D3,2022,102500
643,6,NL,320,D2,2016,125000
644,4,NL,320,D,2021,99800
645,5,NL,320,D3,2021,99800
646,7,NL,320,D3,2021,99800
647,8,NL,320,D3,2021,99800
648,5,BE,320,D3,2021,99500
649,7,NL,320,NG,2020,118000
650,10,NL,320,D3,2020,98500
651,8,NL,320,D3,2020,102000
652,4,BE,320,D3,2021,105000
653,6,NL,320,D3,2021,99800
654,7,UA,320,D3,2021,139800
655,15,UA,320,D3,2021,135000
656,10,LU,320,D3,2021,109000
657,3,NL,320,D,2021,94000
658,7,NL,320,D3,2021,94000
659,9,BE,320,NG,2021,119000
660,5,NL,320,D3,2021,95000
661,7,NL,320,D3,2021,95000
662,10,NL,320,D3,2021,109000
663,33,DE,320,NG,2019,165000
664,5,UA,320,D,2021,126000
665,7,NL,320,D3,2021,97500
666,5,RO,320,D3,2021,114900
667,7,NL,320,D3,2020,95000
668,1,DE,320,,2019,147490
669,6,NL,320,D3,2020,94000
670,13,UA,320,D3,2021,110000
671,7,NL,320,D3,2020,97500
672,8,FR,320,D,2011,62000
673,4,NL,320,D3,2021,97500
674,3,FR,320,E,2013,114000
675,8,LU,320,D3,2020,102500
676,8,LU,320,D3,2021,112500
677,7,PL,320,F,2017,85000
678,6,FR,320,E,2015,80000
679,4,PL,320,E,2016,119000
680,9,RU,320,D2,2016,80478
681,2,FR,320,F,2017,145000
682,9,PT,320,E,2012,120000
683,8,FR,320,E,2014,85000
684,1,PL,320,NG,2019,144000
685,4,SK,320,E,2014,105000
686,3,BE,320,F,2016,119000
687,1,PL,320,NG,2018,141000
688,2,DE,320,NG,2018,140000
689,3,NL,320,D,2021,97500
690,7,NL,320,D,2020,99800
691,10,AT,320,E,2013,76018
692,7,PT,320,F,2017,127500
693,5,UK,320,NG,2018,99561
694,7,RU,320,D2,2017,99711
695,3,FR,320,F,2017,137000
696,5,RU,320,D2,2017,106510
697,6,RU,320,D2,2017,104244
698,9,ES,320,E,2012,83000
699,8,NL,320,D3,2020,102500
700,7,NL,320,D3,2020,102500
701,5,NL,320,D3,2021,97500
702,6,NL,320,D3,2021,112500
703,8,NL,320,D3,2021,109500
704,7,BE,320,D3,2021,104500
705,1,DE,320,,2019,145990
706,11483,FI,323,E,2012,86700
707,12081,EE,323,E,2013,67900
708,13900,DE,323,D,2009,55000
709,8765,NL,323,E,2014,75000
710,1621,NL,323,D3,2021,94800
711,2820,IT,323,E,2016,97000
712,6273,NO,323,E,2015,107391
713,9362,DE,323,E,2014,70000
714,12800,DE,323,D,2011,59900
715,7100,DE,323,D,2011,75000
716,6140,DE,323,E,2012,79990
717,7400,PL,323,F,2016,105500
718,8500,NL,323,E,2011,69000
719,11000,DE,323,E,2013,66900
720,7280,DE,323,E,2012,52941
721,19495,NL,323,D,2010,46800
722,2924,FR,323,E,2016,145000
723,8900,DE,323,E,2012,53900
724,4274,FR,323,F,2017,145000
725,7633,NL,323,E,2013,66500
726,7660,NL,323,D,2011,67500
727,5437,FR,323,E,2016,150000
728,14800,DE,323,D,2007,47000
729,9227,DE,323,D,2010,61000
730,13250,IT,323,D,2008,46500
731,5955,NO,323,E,2014,119007
732,3477,FR,323,E,2016,125000
733,7800,DE,323,E,2014,81000
734,17100,PL,323,D,2007,36500
735,12079,NO,323,E,2013,70550
736,10031,PL,323,D,2011,60730
737,9240,PL,323,F,2017,117212
738,8800,BE,323,D,2008,55000
739,12200,NL,323,D,2010,49900
740,11500,DE,323,E,2013,66900
741,11241,SE,323,D,2008,45804
742,6733,DE,323,D,2009,77000
743,9216,NL,323,D,2009,51500
744,18849,AT,323,D,2008,45850
745,9576,NL,323,D,2011,57000
746,12530,IT,323,D,2008,35000
747,6547,DE,323,F,2017,92000
748,8911,PL,323,D,2011,71600
749,3900,PT,323,F,2019,140000
750,17786,NL,323,D,2008,45900
751,8920,PL,323,E,2012,53412
752,10000,PL,323,D,2007,40000
753,15000,NL,323,D,2010,46900
754,3510,SK,323,F,2017,139000
755,12329,NL,323,D,2009,53900
756,12558,NL,323,D,2008,48500
757,3463,NL,323,D3,2020,89800
758,9371,BE,323,D,2010,54000
759,1579,ES,323,F,2018,148000
760,7276,DE,323,E,2012,64000
761,4542,FR,323,E,2016,145000
762,13279,NL,323,D,2007,51900
763,4277,DE,323,NG,2018,169000
764,8200,PL,323,E,2012,72000
765,15094,PL,323,E,2014,62230
766,8600,PL,323,D,2011,55430
767,12120,CZ,323,D,2008,49610
768,3558,GB,323,NG,2019,145359
769,10978,NL,323,E,2013,64800
770,5145,PL,323,F,2017,139000
771,18000,HU,323,D,2008,40740
772,8328,DE,323,F,2016,98500
773,12961,PL,323,D,2009,53471
774,7865,NL,323,D,2009,49800
775,12743,NL,323,D,2011,53800
776,19699,NL,323,D,2008,41900
777,12016,NL,323,E,2013,62800
778,10000,HU,323,E,2013,73000
779,10330,NL,323,D,2008,45800
780,13303,NL,323,E,2012,61800
781,11563,NL,323,E,2013,62800
782,1476,PL,323,NG,2018,140000
783,8687,NL,323,E,2012,69800
784,12090,PL,323,E,2013,78500
785,10296,EE,323,E,2014,63500
786,13300,BE,323,E,2012,65000
787,11000,PL,323,E,2011,63590
788,7700,PL,323,F,2016,99010
789,9900,PL,323,E,2014,78110
790,13745,DK,323,E,2012,62500
791,10525,NL,323,D,2008,49800
792,5735,SE,323,F,2017,133795
793,12742,NL,323,D,2011,49900
794,11000,NL,323,D,2010,52500
795,18497,NL,323,D,2008,49000
796,9975,NL,323,D,2008,58500
797,11433,NL,323,D,2008,49800
798,12250,NL,323,D,2009,53500
799,11000,BE,323,D,2011,53000
800,4468,EE,323,D,2008,67900
801,2204,NL,323,NG,2018,149000
802,10000,ES,323,D,2011,69500
803,13545,BE,323,E,2012,59000
804,11599,PL,323,E,2014,64410
805,13581,NL,323,D,2008,53900
806,14964,NL,323,D,2008,53900
807,12500,ES,323,D,2008,40000
808,19575,NL,323,D,2009,47500
809,14000,ES,323,E,2014,58000
810,12000,DE,323,D,2009,49900
811,14258,NL,323,D,2008,52900
812,9748,PL,323,E,2012,62960
813,11605,NL,323,D,2006,48500
814,11593,NL,323,D,2011,58900
815,9800,LV,323,D,2008,50000
816,13000,NL,323,D,2006,48500
817,18195,NL,323,D,2007,39900
818,10400,ES,323,D,2008,43670
819,11000,ES,323,D,2007,41320
820,12816,DE,323,D,2010,57900
821,10974,PL,323,E,2013,61793
822,13826,ES,323,E,2014,63500
823,12200,PL,323,D,2011,54950
824,9000,NL,323,D,2008,52000
825,12750,DK,323,D,2011,51775
826,12475,PL,323,D,2008,66700
827,8889,PL,323,D,2011,66700
828,8249,FR,323,D,2007,60000
829,8130,NL,323,D,2006,55000
830,9000,LV,323,E,2013,70000
831,9855,NL,323,D,2010,57000
832,13600,ES,323,E,2014,58000
833,9116,NO,323,E,2015,90599
834,7750,PL,323,E,2012,72500
835,9600,GR,323,D,2007,88000
836,6999,PL,323,F,2016,91500
837,9900,FR,323,E,2012,47000
838,8400,ES,323,D,2011,53000
839,11350,NO,323,D,2007,46487
840,15509,EE,323,D,2008,42900
841,11369,NL,323,D,2006,58800
842,1950,SE,323,F,2017,162226
843,13168,SE,323,D,2008,42769
844,17000,PL,323,D,2008,40000
845,2833,DE,323,NG,2019,159000
846,3530,DE,323,E,2015,90000
847,8409,NL,323,E,2012,66800
848,10000,FR,323,D,2012,60000
849,8028,LU,323,D,2008,45000
850,9151,NO,323,E,2013,56545
851,11034,HU,323,D,2007,73250
852,13187,SE,323,D,2008,48879
853,11272,NL,323,D,2007,48900
854,5993,NL,323,F,2017,109000
855,4232,AT,323,F,2017,132500
856,3040,CH,323,F,2017,148245
857,4595,FR,323,E,2013,100000
858,3734,DE,323,E,2015,73110
859,12465,DK,323,D,2008,46784
860,6561,NL,323,E,2014,79800
861,14000,UA,323,D,2008,65000
862,8316,FI,323,E,2012,99500
863,10611,NL,323,D,2010,45000
864,10522,NL,323,D,2008,45800
865,6857,FR,323,E,2015,125000
866,2895,FR,323,E,2016,99000
867,10150,UA,323,D,2011,84000
868,13171,NL,323,D,2008,46900
869,8100,DE,323,D,2011,56500
870,4750,NL,323,NG,2019,135000
871,12161,IT,323,D,2010,58000
872,8400,ES,323,D,2008,53000
873,6130,PL,323,F,2017,129000
874,8925,NL,323,E,2012,69900
875,13452,FI,323,D,2011,76296
876,6474,FI,323,F,2016,124900
877,14266,FI,323,D,2008,54900
878,10613,PL,323,E,2015,54743
879,15130,PL,323,E,2014,35992
880,2600,SE,323,NG,2019,177757
881,3719,NL,323,D3,2019,89800
882,7997,NL,323,D,2011,62800
883,14201,NL,323,D,2008,46900
884,18565,NL,323,D,2008,42800
885,7615,PL,323,E,2015,110347
886,4211,BE,323,NG,2018,168000
887,6096,BE,323,F,2016,119000
888,11053,AT,323,E,2014,69500
889,12600,BE,323,E,2014,65000
890,10000,PL,323,E,2013,68590
891,10123,DE,323,D,2009,41900
892,1700,SE,323,NG,2019,180325
893,6222,NO,323,E,2012,77684
894,2500,FR,323,F,2017,150000
895,3611,IT,323,F,2017,137000
896,11900,PL,323,E,2013,65354
897,6013,CH,323,D,2010,72516
898,8983,IT,323,D,2009,72000
899,12480,NL,323,D,2009,47800
900,6220,PL,323,E,2014,85000
901,12675,NL,323,D,2010,55750
902,5232,AT,323,F,2017,132000
903,18550,PL,323,D,2008,39900
904,13098,HU,323,D,2009,60000
905,380,PL,323,D,2010,61470
906,9984,NL,323,D,2007,46000
907,6137,EE,323,F,2017,92000
908,8032,NL,323,D,2008,45000
909,5030,PL,323,F,2016,97509
910,11907,PL,323,E,2014,62001
911,3401,NL,323,F,2017,119500
912,969,NL,323,F,2017,139500
913,8685,NL,323,E,2013,69800
914,6980,NL,323,F,2016,99500
915,10253,HR,323,D,2011,63500
916,10329,NL,323,D,2008,45000
917,11400,NO,323,D,2008,49530
918,15600,NL,323,D,2007,44900
919,11200,NL,323,D,2011,62000
920,11895,NL,323,D,2009,55000
921,9833,PL,323,D,2011,58650
922,8307,DE,323,E,2015,82000
923,11757,PL,323,D,2010,48306
924,10338,PL,323,E,2012,62274
925,5100,DK,323,F,2017,160032
926,5000,PT,323,E,2015,85000
927,7200,DK,323,E,2012,103281
928,13700,ES,323,E,2014,65000
929,9722,ES,323,D,2011,66000
930,10390,ES,323,D,2012,75000
931,8400,RO,323,D,2008,48500
932,5500,PL,323,E,2014,96291
933,4500,HU,323,E,2014,97000
934,14000,FI,323,D,2008,49000
935,8280,BE,323,E,2013,58500
936,6494,NL,323,E,2013,105000
937,6333,NO,323,F,2016,102685
938,12510,NO,323,D,2008,50853
939,7270,FI,323,E,2015,115000
940,6444,FI,323,F,2016,125001
941,9568,FI,323,D,2011,70074
942,13428,FI,323,D,2011,80296
943,4703,IT,323,F,2017,130000
944,7861,IT,323,D,2008,76500
945,10450,PL,323,D,2009,75262
946,4830,PL,323,F,2017,128000
947,7600,PL,323,E,2012,71000
948,3604,AT,323,NG,2018,135000
949,5977,FR,323,E,2015,115000
950,11700,BG,323,D,2006,39880
951,3980,NL,323,F,2017,129000
952,14717,IT,323,D,2008,39000
953,5678,IT,323,D,2010,69000
954,6830,FR,323,E,2015,130000
955,9971,PL,323,D,2010,61350
956,8795,NO,323,D,2011,64674
957,8898,NL,323,D,2011,49800
958,4127,BE,323,NG,2018,153000
959,5353,PL,323,F,2017,103000
960,3344,FR,323,E,2015,105000
961,5268,PL,323,F,2017,123100
962,9300,RO,323,D,2006,45900
963,3126,IT,323,E,2016,118000
964,2890,FR,323,E,2016,124000
965,14554,NL,323,D,2006,52900
966,14580,NL,323,D,2007,54900
967,12981,NL,323,D,2009,49900
968,16000,PL,323,D,2011,48900
969,6844,FR,323,E,2015,109000
970,4897,PL,323,E,2016,121000
971,6000,DE,323,E,2015,128500
972,5800,DE,323,E,2015,129500
973,10800,DE,323,D,2009,46900
974,10500,DE,323,D,2009,49850
975,14880,HR,323,D,2008,45000
976,9480,DE,323,E,2012,66500
977,10745,NL,323,D,2011,64000
978,11200,DE,323,E,2011,58000
979,7796,DE,323,E,2011,69900
980,5550,DE,323,F,2016,94000
981,390,CZ,323,NG,2019,196000
982,11595,NL,323,E,2014,64800
983,5800,DE,323,F,2017,124900
984,5063,DE,323,,2016,104000
985,5,NL,323,D3,2022,117500
986,7,NL,323,D3,2021,117500
987,10,NL,323,D3,2021,114500
988,7,NL,323,D3,2021,114500
989,10,NL,323,D3,2022,114500
990,6,NL,323,D3,2022,114800
991,4,BE,323,D3,2021,114000
992,6,NL,323,D3,2021,113000
993,4,NL,323,D3,2021,114900
994,12,NL,323,D3,2020,109800
995,8,NL,323,D3,2021,117500
996,5,NL,323,D3,2021,115000
997,4,NL,323,D3,2021,112400
998,6,NL,323,D3,2021,114800
999,5,NL,323,D3,2021,114800
1000,4,NL,323,D3,2021,114800
1001,6,NL,323,D3,2021,114000
1002,11,NL,323,D3,2021,114800
1003,4,PL,323,F,2017,128000
1004,5,PL,323,F,2017,122532
1005,4,PL,323,E,2016,121000
1006,2,FR,323,E,2016,124000
1007,6,FR,323,E,2015,130000
1008,3,FR,323,E,2015,105000
1009,5,FR,323,E,2015,115000
1010,8,NL,323,E,2013,69800
1011,6,NL,323,F,2016,99500
1012,3,NL,323,F,2017,119500
1013,8,DE,323,E,2015,82000
1014,5,NL,323,D3,2021,112400
1015,10,NL,323,D,2020,119000
1016,3,BE,323,D3,2021,115000
1017,12,NL,323,D3,2020,114800
1018,11,NL,323,D3,2020,114800
1019,5,NL,323,D,2019,112500
1020,6,NL,323,D,2020,112500
1021,5,NL,323,D3,2020,112500
1022,8,NL,323,D3,2021,114900
1023,5,NL,323,D3,2021,114900
1024,7,DE,323,D3,2020,112500
1025,7508,SE,329,E,2015,113768
1026,12129,HR,329,D,2009,75500
1027,12927,NL,329,E,2012,73800
1028,12039,NL,329,E,2012,71800
1029,9900,DE,329,E,2011,83900
1030,10600,DE,329,E,2012,77000
1031,11424,DE,329,E,2012,72900
1032,11500,DE,329,E,2014,89900
1033,12281,NL,329,E,2012,72800
1034,6099,UK,329,E,2014,54310
1035,8424,GB,329,E,2014,81789
1036,14096,IT,329,E,2012,70000
1037,16409,PL,329,E,2012,74190
1038,11000,BE,329,D,2010,62000
1039,11000,CZ,329,E,2013,92032
1040,6013,BE,329,D,2013,79000
1041,12037,NL,329,E,2014,89500
1042,12282,EE,329,E,2012,74000
1043,10157,DE,329,E,2012,102221
1044,10834,DE,329,E,2014,108171
1045,9393,NL,329,D,2011,59500
1046,11173,DE,329,E,2014,89900
1047,9175,FI,329,E,2014,100000
1048,14429,GB,329,D,2010,55184
1049,5250,NO,329,E,2012,94575
1050,7111,BE,329,E,2014,106000
1051,11620,NL,329,E,2012,77900
1052,9741,GB,329,E,2011,81749
1053,7000,GB,329,E,2015,95323
1054,5618,NL,329,D,2009,83295
1055,14104,NL,329,E,2015,74800
1056,15424,NL,329,E,2012,79800
1057,11700,BE,329,D,2010,67000
1058,11400,BE,329,D,2010,69000
1059,9800,DE,329,D,2011,95000
1060,14000,TR,329,D,2015,80000
1061,11000,DE,329,E,2012,78000
1062,12516,HR,329,E,2011,80500
1063,8347,NO,329,E,2015,113743
1064,6004,BE,329,D,2013,82000
1065,5073,BE,329,D,2013,84000
1066,11617,DE,329,E,2012,69000
1067,9253,PL,329,E,2014,90108
1068,7274,PL,329,E,2015,109936
1069,10500,FI,329,E,2015,99000
1070,11606,PL,329,E,2011,68297
1071,7352,NL,329,E,2014,99000
1072,12204,SE,329,D,2011,76874
1073,14200,NL,329,D,2010,71000
1074,14000,PL,329,E,2012,68470
1075,7140,PL,329,E,2012,112841
1076,7205,TR,329,D,2014,95000
1077,10272,DE,329,E,2015,120000
1078,8489,NL,329,D,2011,69000
1079,8700,BE,329,E,2012,73000
1080,11446,NL,329,E,2011,69500
1081,12180,NL,329,E,2011,76500
1082,13137,IT,329,D,2011,68000
1083,6911,NL,329,E,2015,115000
1084,11000,PL,329,E,2011,71000
1085,7020,ES,329,E,2014,137000
1086,6197,AT,329,E,2015,119500
1087,11229,NL,329,E,2011,75900
1088,8101,CH,329,E,2015,124469
1089,10302,DE,329,E,2015,81000
1090,12000,DE,329,E,2014,95000
1091,14823,NL,329,E,2014,76800
1092,10140,CH,329,E,2015,130504
1093,13200,NL,329,E,2012,71800
1094,10388,NL,329,E,2015,69500
1095,14338,NL,329,D,2009,69900
1096,10429,FR,329,E,2013,67000
1097,9142,NL,329,E,2015,84500
1098,12225,NL,329,D,2009,73900
1099,3842,PL,329,E,2012,104306
1100,8135,DE,329,E,2015,89000
1101,9147,ES,329,E,2012,67500
1102,11155,SE,329,E,2015,102459
1103,9227,DE,329,E,2014,89000
1104,8080,AT,329,E,2015,125000
1105,10265,DE,329,E,2015,89900
1106,12250,TR,329,D,2015,83000
1107,12400,NL,329,E,2013,72000
1108,6009,BE,329,D,2013,89000
1109,11299,HR,329,E,2012,81500
1110,11150,SE,329,E,2015,99364
1111,13082,NO,329,E,2014,69872
1112,8749,PL,329,E,2015,54743
1113,13897,PL,329,E,2015,53234
1114,9733,PL,329,E,2015,68105
1115,9400,NO,329,E,2015,100435
1116,9687,NL,329,E,2010,76500
1117,5072,BE,329,D,2013,89000
1118,7011,FR,329,E,2014,125000
1119,7254,BE,329,D,2015,89000
1120,12416,CH,329,E,2013,78023
1121,4480,DE,329,D,2010,104000
1122,5017,FR,329,E,2013,67000
1123,11300,PL,329,E,2013,81680
1124,11100,SE,329,D,2011,58793
1125,8894,NL,329,D,2009,77000
1126,8028,DE,329,E,2012,115000
1127,5500,PL,329,E,2014,96000
1128,11326,FR,329,E,2014,72000
1129,14300,DK,329,E,2012,68303
1130,8800,DK,329,E,2013,97479
1131,14967,RU,329,D,2012,67964
1132,8604,PL,329,E,2013,73841
1133,9762,PL,329,E,2013,79286
1134,10299,PL,329,E,2013,73841
1135,10602,NL,329,E,2014,88500
1136,5100,NL,329,E,2013,105000
1137,8798,DE,329,E,2014,86000
1138,8169,DE,329,E,2014,109000
1139,9300,CH,329,E,2011,75852
1140,11000,RO,329,D,2011,70000
1141,9589,DE,329,E,2014,67900
1142,7900,RO,329,E,2012,67500
1143,8796,NL,329,D,2012,69000
1144,5800,NL,329,E,2013,105000
1145,10612,DE,329,D,2011,85500
1146,7773,AT,329,E,2015,117500
1147,8500,DE,329,E,2012,99500
1148,9000,PL,329,E,2013,94910
1149,9000,NL,329,E,2014,95000
1150,11363,FR,329,E,2011,67000
1151,9228,PL,329,D,2009,87879
1152,4952,PL,329,E,2012,131266
1153,14400,RU,329,D,2014,94631
1154,15277,FI,329,E,2011,75000
1155,8500,PL,329,E,2011,77476
1156,12100,FI,329,E,2012,79000
1157,7700,TR,329,D,2015,93000
1158,9272,SE,329,E,2015,115244
1159,10100,DE,329,E,2014,88000
1160,11313,NL,329,D,2010,73900
1161,14446,NL,329,E,2012,69500
1162,7430,DE,329,E,2014,79000
1163,12866,NL,329,E,2012,69800
1164,9109,HR,329,D,2013,87500
1165,11267,DE,329,E,2012,74500
1166,9816,DE,329,E,2011,72500
1167,10400,DE,329,E,2012,69900
1168,5759,NL,329,F,2015,107500
1169,9870,DE,329,D,2011,68900
1170,13852,NL,329,E,2014,91800
1171,6700,NL,330,D2,2018,135000
1172,10200,NL,330,D2,2015,107900
1173,5639,UA,330,D2,2016,125000
1174,12450,SI,330,D,2008,97903
1175,11894,NL,330,C,2004,53800
1176,11000,GB,330,C,2006,105567
1177,8167,ES,330,D,2007,40909
1178,13554,DE,330,D,2007,59900
1179,1166,DE,330,NG,2020,239500
1180,19730,NL,330,D,2006,52000
1181,3600,GB,330,,2019,236497
1182,5700,NL,330,F,2018,145000
1183,8450,AT,330,F,2017,125000
1184,8435,AT,330,F,2017,124500
1185,15000,DE,330,D,2008,49300
1186,23158,AT,330,D,2009,46900
1187,18376,DE,330,D,2008,105791
1188,18344,IT,330,C,2005,45000
1189,21298,NL,330,D,2006,54800
1190,11750,BE,330,D,2008,61500
1191,8456,DE,330,F,2016,89850
1192,17411,NL,330,D,2007,61500
1193,3593,NL,330,NG,2019,179000
1194,13100,UA,330,D,2008,186000
1195,14862,NL,330,D,2008,68900
1196,11297,NL,330,F,2016,98750
1197,6213,BE,330,F,2016,129000
1198,4287,NL,330,D2,2015,119000
1199,22423,NL,330,C,2003,52800
1200,8071,DE,330,F,2016,144000
1201,4601,BE,330,F,2016,149000
1202,15477,BE,330,D,2008,70000
1203,10000,FR,330,D,2008,45600
1204,3635,FR,330,F,2018,205000
1205,11000,DE,330,C,2004,81991
1206,17000,NL,330,D,2008,59500
1207,11144,NL,330,D,2007,52500
1208,12652,NL,330,D,2008,95000
1209,17761,FI,330,D,2006,53000
1210,21291,FI,330,D,2006,48000
1211,3600,BY,330,NG,2020,169000
1212,12000,GB,330,C,2005,105957
1213,10278,NO,330,F,2017,128253
1214,7100,NL,330,D2,2017,95000
1215,22662,NL,330,D,2007,64800
1216,6164,DE,330,F,2017,138500
1217,7912,ES,330,D,2006,100894
1218,7262,NL,330,F,2016,123500
1219,9507,DE,330,F,2016,119000
1220,12504,FR,330,D,2006,77900
1221,16966,RO,330,D,2008,50000
1222,4464,GB,330,F,2016,126695
1223,10000,GB,330,D,2008,69984
1224,10836,NL,330,D2,2015,89000
1225,3848,NL,330,F,2018,189000
1226,13106,NL,330,D,2006,139000
1227,14000,NL,330,D,2007,57000
1228,13500,ES,330,D,2008,72000
1229,3740,BE,330,F,2017,145000
1230,11926,NL,330,F,2016,93900
1231,1820,PL,330,NG,2020,195000
1232,15183,DE,330,D,2007,65000
1233,9234,NL,330,D,2007,60000
1234,10470,NL,330,C,2002,52500
1235,8144,NL,330,D,2008,60000
1236,12300,DE,330,D,2007,61500
1237,11064,NL,330,D,2008,62800
1238,6000,ES,330,C,2002,1
1239,4700,NL,330,D2,2018,115000
1240,11841,NL,330,D,2008,62800
1241,10240,SE,330,C,2004,38507
1242,10000,LV,330,D,2007,65000
1243,13557,NL,330,C,2005,49800
1244,7726,DE,330,F,2016,121900
1245,9236,NL,330,D,2006,54500
1246,19000,RU,330,D,2008,253277
1247,4414,CH,330,F,2016,155454
1248,12700,DE,330,D,2006,135000
1249,12240,DE,330,C,2005,74900
1250,2472,FR,330,F,2017,211000
1251,3918,NL,330,F,2017,149000
1252,24000,NL,330,D,2006,49500
1253,6120,PL,330,F,2016,98540
1254,1134,BE,330,NG,2019,228000
1255,13500,TR,330,C,2004,225000
1256,2660,DE,330,NG,2019,196000
1257,13900,RU,330,D,2008,76810
1258,15292,ES,330,C,2005,58000
1259,17037,NL,330,D,2006,59500
1260,8232,NL,330,D,2008,59500
1261,9108,NL,330,B,2002,52500
1262,7408,NL,330,D2,2017,115000
1263,2130,DE,330,NG,2019,189000
1264,1096,GE,330,F,2016,261545
1265,3998,CH,330,F,2017,165768
1266,3492,BE,330,NG,2019,199000
1267,2381,NL,330,NG,2019,159800
1268,3507,NL,330,NG,2019,151800
1269,8236,GR,330,D,2008,112000
1270,12637,NL,330,D,2007,57500
1271,9122,NL,330,D,2008,62500
1272,3299,CH,330,F,2017,170876
1273,10300,HR,330,D,2008,82000
1274,8500,PL,330,F,2016,107000
1275,9548,UK,330,F,2016,105019
1276,4120,DE,330,F,2017,160000
1277,15000,CZ,330,C,2005,29500
1278,14150,IS,330,D,2007,45900
1279,10455,NL,330,D2,2018,123000
1280,7420,NL,330,D2,2017,120000
1281,4741,CH,330,F,2015,126056
1282,10545,NL,330,D,2007,52800
1283,13053,NL,330,D,2006,65900
1284,13560,NL,330,D,2007,69000
1285,5277,NO,330,F,2017,182218
1286,11541,NL,330,D2,2017,119500
1287,8778,NL,330,D,2007,58000
1288,20700,DE,330,D,2008,51000
1289,2517,DE,330,NG,2019,239000
1290,14864,NL,330,C,2003,119900
1291,2500,BE,330,NG,2019,195000
1292,8849,DE,330,F,2016,129000
1293,11711,FR,330,D,2006,65000
1294,14363,NL,330,D,2007,89750
1295,13669,NL,330,D,2006,65900
1296,8640,NO,330,D,2007,48248
1297,15235,FR,330,D,2007,15900
1298,13811,GB,330,D,2008,69017
1299,1668,PL,330,NG,2019,192000
1300,9886,NO,330,D,2007,138252
1301,11833,NO,330,D,2008,58068
1302,16000,NL,330,D,2007,72000
1303,9052,FI,330,F,2016,135000
1304,12446,RO,330,D,2007,33800
1305,8651,NL,330,D,2007,63800
1306,9410,NL,330,D2,2016,119500
1307,15300,NL,330,D,2008,61900
1308,2653,FR,330,F,2018,220000
1309,9590,PL,330,F,2018,130000
1310,12941,NL,330,C,2005,54800
1311,12937,BE,330,C,2006,59601
1312,14684,NL,330,D,2007,63500
1313,11687,NL,330,C,2005,49500
1314,6132,FR,330,F,2016,180000
1315,4163,NL,330,F,2018,169000
1316,9027,NL,330,D,2007,64800
1317,3691,NO,330,F,2018,208777
1318,2219,NL,330,F,2018,189000
1319,15600,RO,330,C,2002,41500
1320,5321,IT,330,F,2018,211000
1321,14020,FI,330,D,2008,59000
1322,1084,GE,330,F,2016,249513
1323,14322,NL,330,D,2008,59800
1324,3763,IT,330,F,2017,185000
1325,15900,NL,330,D,2008,85000
1326,1431,PL,330,NG,2019,203000
1327,10500,HR,330,C,2003,58000
1328,10000,PT,330,C,2005,46500
1329,12000,RO,330,D,2009,51900
1330,18576,RU,330,D,2007,65085
1331,18000,NO,330,D,2006,43044
1332,14000,BG,330,D,2006,60000
1333,5000,UA,330,D2,2016,112000
1334,12275,NL,330,F,2016,98800
1335,14973,NL,330,D,2006,83500
1336,6850,RU,330,D,2018,122907
1337,1458,LV,330,B,2002,168000
1338,11053,PL,330,F,2016,93710
1339,1151,NL,330,F,2018,180000
1340,4094,TR,330,D2,2017,123000
1341,14810,NL,330,D,2007,59500
1342,13000,NL,330,D,2008,92000
1343,13200,NL,330,D,2008,67900
1344,12459,PL,330,D,2008,54260
1345,4304,PL,330,F,2016,182400
1346,7242,NL,330,D2,2015,123000
1347,19000,TR,330,C,2004,44900
1348,9025,FR,330,D,2007,49900
1349,6139,FR,330,F,2016,170000
1350,17200,TR,330,C,2005,35000
1351,1063,DE,330,F,2018,209000
1352,15925,NL,330,D,2007,85000
1353,9464,NL,330,C,2003,47500
1354,9078,NL,330,D,2007,82900
1355,14934,RU,330,D,2006,39370
1356,3904,NL,330,F,2016,144000
1357,17000,DE,330,C,2004,39900
1358,15000,BE,330,D,2008,59000
1359,14351,NL,330,D,2007,87500
1360,13937,NL,330,D,2007,60800
1361,12090,CH,330,,2008,64900
1362,8,NL,330,NG,2021,197500
1363,1,TR,330,D,2007,45000
1364,21,ES,330,C,2003,34500
1365,3,ES,330,F,2016,173500
1366,14,NL,330,D,2007,59500
1367,4,PL,330,F,2016,182487
1368,1,PL,330,NG,2019,203000
1369,6,RU,330,D2,2018,122928
1370,10129,IT,336,E,2015,167000
1371,11000,DE,336,F,2015,120000
1372,10229,DE,336,F,2015,122500
1373,10300,DE,336,D,2012,81000
1374,11318,RO,336,E,2012,88235
1375,9500,DE,336,E,2014,124500
1376,12500,DE,336,E,2013,86950
1377,13500,RO,336,D,2012,73900
1378,9212,IE,336,F,2015,100000
1379,10500,PL,336,E,2014,107330
1380,14000,UA,336,D,2009,89000
1381,7200,DE,336,E,2014,125000
1382,9030,GB,336,E,2014,93923
1383,13300,PL,336,E,2013,74594
1384,13712,FR,336,E,2010,76900
1385,6070,BE,336,D2,2017,129883
1386,8216,BE,336,D2,2016,120262
1387,8615,NL,336,F,2015,134900
1388,7719,BE,336,D2,2014,115000
1389,5638,NL,336,F,2017,169000
1390,16200,PL,336,F,2015,98500
1391,12000,TR,336,D,2012,85000
1392,6100,BE,336,D2,2017,135000
1393,8200,BE,336,D2,2016,130000
1394,7294,GB,336,F,2015,142611
1395,10045,FI,336,E,2011,100000
1396,13612,NL,336,D2,2015,119900
1397,14022,NL,336,D,2011,62750
1398,11250,DE,336,D,2011,76000
1399,11200,PL,336,E,2012,48000
1400,14807,FR,336,D,2010,78000
1401,7916,NL,336,E,2014,149000
1402,8900,DE,336,F,2015,122000
1403,12484,FR,336,E,2012,99000
1404,13400,PL,336,D,2012,110840
1405,13000,RO,336,D,2013,73900
1406,5532,DE,336,E,2012,141711
1407,15624,NL,336,D,2011,87900
1408,12859,NL,336,E,2012,89000
1409,5302,BE,336,D2,2018,145000
1410,6216,BE,336,F,2016,149000
1411,12801,DK,336,E,2015,100789
1412,13458,DK,336,E,2015,98101
1413,10900,GB,336,E,2013,74480
1414,12591,DE,336,F,2016,105900
1415,11300,IT,336,E,2014,98000
1416,9909,FR,336,E,2016,122664
1417,7608,BE,336,D2,2015,124000
1418,11947,NL,336,E,2013,89750
1419,19185,NL,336,E,2012,64800
1420,3102,TR,336,NG,2020,185000
1421,9090,DE,336,E,2014,94000
1422,16187,SE,336,D,2010,112100
1423,18000,HU,336,D,2009,79623
1424,8573,NL,336,E,2012,84800
1425,9598,NL,336,F,2015,159000
1426,7500,GB,336,F,2017,139303
1427,10995,FR,336,E,2010,99000
1428,1870,UA,336,D,2018,140000
1429,9540,ES,336,D,2012,127800
1430,7607,BE,336,D2,2015,129000
1431,18827,NL,336,D,2009,64800
1432,2883,GB,336,F,2018,224719
1433,4684,NL,336,E,2017,216068
1434,10866,DE,336,E,2015,98900
1435,19188,FI,336,E,2012,53000
1436,10890,DE,336,E,2012,83900
1437,4230,TR,336,NG,2020,180000
1438,2545,PL,336,NG,2019,220000
1439,10800,DE,336,E,2012,91900
1440,5950,FI,336,F,2015,192000
1441,10562,BE,336,E,2012,86000
1442,11800,DE,336,D,2011,77000
1443,7353,DE,336,E,2014,124990
1444,11574,PL,336,E,2013,94716
1445,8590,FI,336,F,2016,160000
1446,8720,FI,336,F,2015,160000
1447,9116,RO,336,F,2016,139950
1448,2199,PL,336,NG,2020,229000
1449,1200,RO,336,E,2019,110000
1450,8955,NL,336,F,2018,148500
1451,4200,NL,336,D2,2017,125000
1452,4917,NL,336,D2,2016,10000
1453,18830,DE,336,D,2009,65500
1454,5200,ES,336,D2,2015,147000
1455,15764,TR,336,D,2010,73500
1456,7527,BE,336,D2,2015,129000
1457,7600,NO,336,F,2016,97000
1458,6050,DE,336,F,2016,159500
1459,7800,RU,336,D,2015,141622
1460,9374,GB,336,D,2012,77169
1461,10700,ES,336,E,2014,125000
1462,9736,NL,336,D,2012,59500
1463,8457,NL,336,E,2014,99500
1464,10554,NL,336,E,2012,81500
1465,17045,LU,336,D,2012,59800
1466,10000,RU,336,D,2014,107467
1467,6500,ES,336,F,2015,155000
1468,7000,LT,336,E,2016,75500
1469,12225,NL,336,E,2013,78900
1470,9667,NL,336,E,2013,109800
1471,12025,BE,336,E,2011,82000
1472,9723,DE,336,E,2013,99750
1473,7358,DE,336,E,2014,125900
1474,13227,NL,336,D,2011,96800
1475,4602,NL,336,E,2015,159000
1476,9766,CH,336,E,2013,103045
1477,9664,CH,336,E,2013,101172
1478,8915,DE,336,F,2015,125000
1479,10037,RO,336,E,2014,85000
1480,9420,HU,336,E,2013,88900
1481,4943,FR,336,F,2016,195000
1482,10991,FR,336,E,2010,105000
1483,11514,AT,336,E,2013,93500
1484,11416,AT,336,E,2013,99000
1485,10100,NL,336,E,2014,30000
1486,11700,RO,336,F,2016,92000
1487,9750,TR,336,D,2013,106000
1488,9720,IS,336,E,2014,111579
1489,7864,PL,336,F,2016,127514
1490,12603,PL,336,F,2016,85514
1491,11850,NL,336,F,2016,25000
1492,17045,NL,336,D,2012,67500
1493,8200,NO,336,E,2012,74572
1494,18000,TR,336,D,2012,57500
1495,11482,NL,336,E,2014,80800
1496,4780,DE,336,F,2018,187500
1497,8548,DE,336,F,2016,135900
1498,10771,DE,336,E,2014,109900
1499,7933,DE,336,F,2016,135900
1500,7250,UA,336,F,2016,136500
1501,5568,FR,336,E,2015,149000
1502,10500,RU,336,D,2013,98391
1503,8293,BE,336,D2,2015,99000
1504,12485,TR,336,D,2012,77000
1505,9535,TR,336,D,2012,99000
1506,1061,NL,336,D2,2017,184800
1507,1148,NL,336,D2,2017,184800
1508,8280,DE,336,D,2012,105500
1509,7850,NL,336,F,2016,148500
1510,7123,PL,336,D2,2015,94450
1511,8500,NO,336,E,2013,77900
1512,3904,NL,336,F,2018,195000
1513,11201,PL,336,F,2015,22
1514,12672,NL,336,E,2014,84800
1515,8803,LT,336,F,2015,132300
1516,13192,DE,336,D,2011,92900
1517,16648,SE,336,D,2011,56789
1518,10517,DE,336,D,2010,79900
1519,10050,NL,336,E,2013,77500
1520,4872,IT,336,F,2017,200000
1521,4624,IT,336,F,2017,205000
1522,7500,SE,336,F,2015,174130
1523,11500,IT,336,D,2011,70000
1524,7932,DE,336,F,2016,135000
1525,2300,BE,336,F,2017,195000
1526,2689,BE,336,F,2018,234000
1527,9580,DK,336,E,2014,128022
1528,13500,IT,336,D,2010,70000
1529,9072,NL,336,E,2013,81800
1530,14300,CZ,336,D,2011,75000
1531,10791,NL,336,E,2013,89800
1532,5473,DE,336,F,2017,169000
1533,9862,NL,336,D,2011,58500
1534,8922,NL,336,D,2010,62500
1535,6316,BE,336,D,2017,129000
1536,5697,BE,336,D,2018,129000
1537,9215,NL,336,D,2012,64500
1538,9302,NL,336,D,2012,59500
1539,9464,NL,336,D,2011,62500
1540,11873,NL,336,E,2014,79800
1541,7153,DE,336,F,2016,143500
1542,13177,EE,336,D,2011,79500
1543,1238,NL,336,NG,2019,189900
1544,11500,DE,336,E,2014,105000
1545,6943,DE,336,E,2013,94000
1546,11786,DE,336,F,2016,87563
1547,5180,ES,336,D,2015,185000
1548,13188,PL,336,D,2010,78856
1549,8730,ES,336,E,2015,170000
1550,6981,PL,336,E,2014,117506
1551,10687,PL,336,E,2012,86408
1552,8908,PL,336,E,2014,90851
1553,6800,DE,336,E,2014,129000
1554,10770,DE,336,E,2014,99900
1555,16165,TR,336,D2,2015,80000
1556,4926,BE,336,D2,2016,141500
1557,10500,DE,336,E,2012,99950
1558,9417,DE,336,D,2010,96000
1559,8280,DE,336,D,2011,105500
1560,5767,ES,336,F,2015,188000
1561,7096,UK,336,E,2015,113636
1562,5455,ES,336,F,2015,189900
1563,9066,NL,336,E,2014,99750
1564,11036,SE,336,D,2011,86547
1565,5375,PL,336,F,2017,175037
1566,2710,PL,336,F,2017,219907
1567,9008,PL,336,E,2014,89744
1568,12219,DE,336,D,2010,67900
1569,7350,DE,336,E,2014,129000
1570,9738,ES,336,E,2012,133500
1571,14000,FI,336,E,2015,115000
1572,10680,FI,336,E,2014,115000
1573,9336,IT,336,E,2014,147000
1574,8797,LT,336,F,2015,132000
1575,8500,PL,336,D,2009,144200
1576,11869,EE,336,E,2014,84500
1577,16910,NL,336,D,2011,56800
1578,6539,BE,336,D2,2016,137500
1579,13000,PL,336,D,2012,65000
1580,7119,PL,336,D2,2015,108500
1581,10163,NL,336,D,2011,58500
1582,11300,NL,336,D,2010,58000
1583,13070,NO,336,E,2014,88938
1584,17284,NL,336,D,2011,93800
1585,10200,NO,336,E,2013,83430
1586,14663,TR,336,D,2013,74000
1587,8678,NL,336,D2,2015,126000
1588,9862,UA,336,D,2011,85000
1589,6682,BE,336,D2,2015,135000
1590,8411,NL,336,E,2014,115000
1591,9319,NL,336,D,2010,62500
1592,13256,NL,336,E,2013,114500
1593,5,NL,336,D,2018,144800
1594,6,UA,336,D,2017,178200
1595,5,NL,336,D,2018,159800
1596,3,TR,336,D2,2017,180000
1597,5,NL,336,D,2018,169800
1598,1,ES,950,K,2015,3719
1599,4,NL,950,H,2016,91200
1600,5,AT,950,M,2016,120000
1601,5,FR,950,M,2018,150000
1602,6,FR,950,M,2017,129000
1603,7,DE,950,GC,2014,147500
1604,9,FR,950,K,2012,80000
1605,9,UK,950,M,2016,80536
1606,11,DE,950,H,2010,59750
1607,14,UK,950,M,2015,60237
1608,300,NL,950,M,2020,178000
1609,450,DE,950,G,2014,141000
1610,608,DE,950,M,2019,172000
1611,803,CZ,950,M,2015,161522
1612,1015,FR,950,GC,2018,165000
1613,1017,DE,950,GC,2019,149000
1614,1023,PL,950,GC,2018,165500
1615,1100,DE,950,GC,2018,139000
1616,1250,AT,950,GC,2018,142000
1617,1469,FR,950,GC,2020,180000
1618,1529,FR,950,GC,2019,167000
1619,1621,PL,950,M,2018,172823
1620,1688,PL,950,GC,2018,117000
1621,1699,PL,950,GC,2018,128700
1622,1728,PL,950,H,2008,56660
1623,2060,DE,950,M,2018,91000
1624,2072,BE,950,M,2018,167000
1625,2083,FR,950,GC,2018,155000
1626,2130,GB,950,GC,2019,148508
1627,2146,DE,950,M,2018,124900
1628,2306,FR,950,M,2019,200000
1629,2462,NL,950,GC,2019,109500
1630,2464,DE,950,GC,2019,111500
1631,2850,UA,950,GC,2019,155000
1632,3000,BE,950,GC,2017,129000
1633,3050,NL,950,GC,2017,119500
1634,3060,NL,950,GC,2017,115000
1635,3068,FR,950,M,2017,150000
1636,3153,TR,950,GC,2021,128000
1637,3289,NL,950,M,2019,147500
1638,3300,PL,950,GC,2019,131416
1639,3400,TR,950,GC,2017,115000
1640,3705,CH,950,M,2017,146436
1641,3803,TR,950,GC,2020,113000
1642,3849,LT,950,M,2016,137500
1643,3985,LT,950,G,2018,120400
1644,4356,NL,950,M,2018,145000
1645,4674,FR,950,M,2017,162000
1646,4692,NL,950,GC,2017,97750
1647,4850,DE,950,M,2017,142000
1648,5000,FR,950,M,2017,156000
1649,5015,IT,950,M,2016,115000
1650,5205,TR,950,GC,2020,116000
1651,5250,UA,950,H,2011,85000
1652,5321,FR,950,M,2018,150000
1653,5400,EE,950,G,2018,115000
1654,5440,LT,950,M,2015,117000
1655,5474,ES,950,M,2017,129000
1656,5600,LT,950,K,2014,50500
1657,5700,UK,950,M,2016,113900
1658,5841,FR,950,M,2017,150000
1659,5870,UA,950,M,2016,99000
1660,5876,DE,950,M,2016,97000
1661,5950,ES,950,G,2017,109000
1662,5972,GR,950,M,2016,127983
1663,6000,ES,950,M,2018,130000
1664,6024,ES,950,M,2017,124500
1665,6100,IT,950,GC,2017,146065
1666,6100,RU,950,G,2020,95886
1667,6205,DE,950,G,2005,49900
1668,6340,RO,950,L,2018,120000
1669,6440,PL,950,M,2017,89000
1670,6534,EE,950,K,2013,98800
1671,6592,FR,950,K,2013,77900
1672,6645,FR,950,M,2017,129000
1673,6658,DE,950,M,2016,114000
1674,6700,EE,950,K,2013,85000
1675,6709,PL,950,M,2016,85000
1676,6739,NL,950,M,2016,105000
1677,6750,AT,950,M,2016,125000
1678,6777,TR,950,L,2018,119000
1679,6795,GB,950,GC,2019,87571
1680,6859,ES,950,M,2017,139000
1681,6888,BE,950,GC,2017,102000
1682,6900,PL,950,M,2017,153000
1683,6900,BE,950,M,2017,134000
1684,7036,AT,950,M,2016,98000
1685,7040,PL,950,M,2016,87158
1686,7046,IT,950,M,2018,168000
1687,7084,NO,950,G,2005,48959
1688,7135,NL,950,K,2012,71500
1689,7242,PL,950,M,2016,80000
1690,7400,NL,950,H,2007,89000
1691,7431,LT,950,M,2015,112000
1692,7450,TR,950,GC,2017,135000
1693,7478,CH,950,M,2015,110076
1694,7485,BE,950,M,2015,110000
1695,7504,FR,950,M,2016,125000
1696,7506,NL,950,M,2016,82900
1697,7609,DE,950,M,2017,135000
1698,7644,DE,950,K,2014,74890
1699,7705,NL,950,M,2019,109000
1700,7743,DE,950,K,2013,99000
1701,7750,DE,950,K,2013,92300
1702,7820,ES,950,H,2011,105000
1703,7841,FR,950,K,2014,81900
1704,7884,NL,950,H,2009,58900
1705,7923,SE,950,K,2012,85262
1706,8000,FR,950,M,2016,120000
1707,8000,NL,950,H,2012,75000
1708,8010,IT,950,M,2017,105000
1709,8275,DE,950,M,2016,89000
1710,8400,DE,950,H,2007,69850
1711,8576,BE,950,M,2017,122000
1712,8669,FR,950,K,2012,98000
1713,8696,PT,950,K,2012,101750
1714,8800,ES,950,K,2014,65000
1715,8839,NL,950,H,2011,61000
1716,8896,NL,950,M,2016,97900
1717,8899,LU,950,K,2014,68400
1718,8939,ES,950,M,2015,125000
1719,8948,DE,950,G,2004,49500
1720,8957,DE,950,M,2018,93900
1721,8959,NL,950,H,2007,55900
1722,8980,NL,950,M,2016,82500
1723,9000,NL,950,H,2007,49000
1724,9000,RO,950,K,2014,68000
1725,9130,SK,950,M,2016,109000
1726,9161,PT,950,M,2016,113000
1727,9203,PL,950,M,2016,132000
1728,9229,FR,950,K,2012,80000
1729,9262,IT,950,M,2017,128000
1730,9288,PT,950,M,2016,79000
1731,9329,NO,950,M,2016,87181
1732,9349,UK,950,M,2016,87685
1733,9446,NL,950,M,2015,81000
1734,9450,PL,950,M,2015,127000
1735,9500,DE,950,M,2017,105000
1736,9500,NL,950,M,2015,79900
1737,9500,DE,950,H,2006,42950
1738,9502,LV,950,M,2015,80000
1739,9510,DE,950,G,2005,46900
1740,9520,FR,950,K,2014,88000
1741,9558,DE,950,M,2016,98950
1742,9584,ES,950,K,2012,75000
1743,9585,NL,950,H,2011,51800
1744,9598,NL,950,M,2015,77900
1745,9700,NL,950,M,2015,67500
1746,9714,GB,950,K,2014,85439
1747,9750,GB,950,M,2016,104824
1748,9755,UK,950,M,2016,78917
1749,9775,NL,950,H,2010,49500
1750,9778,UK,950,M,2016,69764
1751,9800,ES,950,H,2011,78000
1752,9818,DE,950,H,2008,75900
1753,10000,DE,950,H,2006,49800
1754,10000,PL,950,M,2016,72085
1755,10001,NL,950,H,2009,48950
1756,10009,DE,950,H,2010,55000
1757,10014,BE,950,M,2016,79000
1758,10042,NL,950,H,2006,49800
1759,10095,DE,950,M,2015,85900
1760,10100,DE,950,K,2014,69000
1761,10200,PL,950,M,2015,72829
1762,10242,NL,950,H,2007,54800
1763,10251,EE,950,H,2005,43900
1764,10256,NL,950,H,2005,48900
1765,10293,BE,950,M,2017,105000
1766,10347,DE,950,G,2005,65000
1767,10348,NO,950,M,2016,91085
1768,10395,NL,950,M,2015,66900
1769,10400,NL,950,K,2012,54900
1770,10400,BE,950,M,2016,77000
1771,10414,NL,950,M,2017,79500
1772,10440,PL,950,K,2014,60660
1773,10520,NL,950,M,2015,89500
1774,10559,ES,950,H,2010,66000
1775,10691,NL,950,M,2018,89500
1776,10693,NL,950,H,2007,50800
1777,10787,NL,950,H,2011,46800
1778,10800,DE,950,M,2018,99000
1779,11000,ES,950,G,2002,36000
1780,11000,PL,950,K,2015,60908
1781,11000,LU,950,K,2015,61500
1782,11068,NL,950,H,2013,52800
1783,11142,NL,950,M,2015,74500
1784,11280,ES,950,G,2002,32644
1785,11337,NL,950,H,2008,48300
1786,11390,NL,950,M,2021,69900
1787,11390,NL,950,M,2016,71500
1788,11400,DE,950,K,2012,61500
1789,11444,NL,950,M,2015,69850
1790,11526,ES,950,M,2015,88800
1791,11569,DE,950,H,2010,59750
1792,11575,NL,950,M,2015,69800
1793,11636,NL,950,H,2010,62800
1794,11636,DE,950,H,2010,61900
1795,11700,DE,950,M,2015,75900
1796,11778,NL,950,K,2012,69800
1797,11900,RO,950,H,2011,66000
1798,11910,UK,950,K,2014,54875
1799,11978,DE,950,H,2011,85000
1800,12000,DE,950,G,2005,42500
1801,12000,ES,950,K,2015,99000
1802,12000,RO,950,H,2010,39900
1803,12091,ES,950,M,2016,107000
1804,12133,DE,950,H,2010,50900
1805,12200,PL,950,K,2013,65822
1806,12406,BE,950,M,2015,65000
1807,12406,NL,950,M,2015,74900
1808,12490,FR,950,H,2008,59500
1809,12500,PL,950,G,2004,41736
1810,12500,DE,950,H,2008,55500
1811,12582,DE,950,H,2008,59000
1812,12600,AT,950,G,2003,41500
1813,12600,DE,950,H,2007,53900
1814,12600,IT,950,H,2010,57000
1815,12643,NO,950,M,2016,82942
1816,12871,NL,950,H,2010,59800
1817,12960,DE,950,H,2010,58950
1818,13100,DE,950,H,2008,57600
1819,13179,HU,950,H,2011,44500
1820,13200,NL,950,H,2010,49900
1821,13200,BE,950,G,2003,35750
1822,13226,PL,950,G,2004,38227
1823,13242,NL,950,H,2009,55900
1824,13338,LV,950,G,2003,45000
1825,13394,DE,950,G,2002,44850
1826,13400,NL,950,H,2007,46900
1827,13409,BE,950,G,2002,5000
1828,13500,LU,950,K,2012,57450
1829,13633,NL,950,H,2009,55900
1830,13653,NL,950,M,2016,79000
1831,13756,NL,950,M,2016,77500
1832,13834,FR,950,H,2009,54000
1833,13838,NL,950,H,2011,51800
1834,13900,NL,950,H,2008,46900
1835,13936,NL,950,K,2013,69800
1836,13988,NL,950,H,2009,37800
1837,14000,FR,950,H,2007,64000
1838,14000,DE,950,M,2017,165000
1839,14082,DE,950,H,2007,39900
1840,14155,NL,950,H,2011,56800
1841,14270,NL,950,K,2012,30000
1842,14270,RO,950,K,2012,25000
1843,14283,RO,950,G,2002,21700
1844,14324,DE,950,H,2010,49500
1845,14638,NL,950,G,2004,41800
1846,14667,NL,950,G,2003,43750
1847,14669,NL,950,K,2013,59900
1848,14823,FR,950,G,2002,13824
1849,14900,BE,950,M,2015,60900
1850,14956,DE,950,M,2015,62500
1851,15000,DE,950,G,2003,56000
1852,15078,NL,950,K,2014,54800
1853,15245,NL,950,H,2010,51800
1854,15500,DE,950,K,2015,58500
1855,15707,PL,950,G,2003,50000
1856,15810,IT,950,M,2016,70000
1857,15915,GB,950,K,2014,53745
1858,15917,GB,950,K,2014,42448
1859,16000,ES,950,H,2011,64000
1860,16056,DE,950,G,2005,58000
1861,16071,DE,950,H,2007,38900
1862,16100,AT,950,H,2006,39850
1863,16110,FR,950,H,2006,46900
1864,16578,NL,950,G,2004,39500
1865,16821,FR,950,H,2007,47900
1866,17120,NL,950,K,2013,59500
1867,17188,RO,950,G,2004,36000
1868,17500,HU,950,G,2005,32722
1869,17900,IT,950,H,2006,46000
1870,18000,GB,950,G,2002,31803
1871,18000,TR,950,H,2010,50000
1872,18495,ES,950,K,2013,58000
1873,18586,ES,950,K,2014,60000
1874,18772,BE,950,H,2007,61600
1875,19000,ES,950,H,2007,47000
1876,19000,ES,950,G,2005,35000
1877,19062,NL,950,H,2009,55000
1878,19736,NL,950,H,2007,51800
1879,20000,BE,950,G,2003,35900
1880,20209,ES,950,G,2003,40000
1881,21406,NL,950,H,2010,39900
1882,21569,NL,950,G,2003,42800
1883,10000,NL,966,K,2013,69000
1884,15263,RU,966,H,2014,140908
1885,14234,NL,966,M,2015,89500
1886,13043,NL,966,K,2013,82800
1887,11041,NL,966,M,2016,102900
1888,15916,FR,966,K,2013,73900
1889,10484,NL,966,M,2016,99500
1890,5119,DE,966,H,2011,130000
1891,17000,BE,966,M,2016,75500
1892,14029,NL,966,K,2013,76500
1893,8230,ES,966,K,2014,139000
1894,14051,NL,966,M,2016,89900
1895,6931,ES,966,M,2014,139000
1896,10017,NL,966,M,2015,102800
1897,9050,ES,966,M,2014,143500
1898,8500,AT,966,M,2016,133000
1899,4988,NL,966,M,2019,199500
1900,7400,ES,966,M,2015,139000
1901,13611,PL,966,K,2014,90499
1902,13313,NL,966,K,2014,79800
1903,9925,ES,966,M,2016,150000
1904,17500,UK,966,H,2010,89870
1905,13759,NL,966,K,2012,73900
1906,8514,AT,966,M,2017,163000
1907,9702,NL,966,K,2013,84900
1908,4909,FR,966,M,2019,230000
1909,14799,RO,966,M,2016,98900
1910,8300,SK,966,K,2014,98000
1911,14623,DE,966,K,2013,76500
1912,14848,NL,966,K,2012,85000
1913,8230,FR,966,K,2014,109000
1914,9590,AT,966,M,2017,159000
1915,16034,NL,966,M,2014,99500
1916,13300,DE,966,K,2013,73000
1917,12700,CZ,966,K,2012,83000
1918,18472,NL,966,K,2014,74500
1919,12490,ES,966,L,2017,214534
1920,6742,GB,966,M,2015,188339
1921,8359,ES,966,M,2018,129000
1922,3069,ES,966,M,2015,145000
1923,11971,NL,966,K,2013,79900
1924,11630,ES,966,L,2017,224719
1925,5451,BE,966,H,2010,93000
1926,9894,GB,966,M,2018,119411
1927,13791,NL,966,K,2013,72800
1928,13954,FR,966,M,2012,135268
1929,12820,ES,966,L,2017,210961
1930,7374,NL,966,M,2016,129500
1931,12200,PT,966,K,2013,78500
1932,14050,NL,966,K,2013,71500
1933,8498,RO,966,M,2014,116900
1934,18000,LV,966,K,2011,79000
1935,10076,DE,966,M,2017,105000
1936,14390,HU,966,K,2012,76600
1937,13298,NL,966,M,2015,92500
1938,3087,PL,966,M,2019,211000
1939,8230,NL,966,M,2017,129000
1940,9746,RO,966,M,2015,84500
1941,1570,UA,966,H,2018,145000
1942,8077,DE,966,M,2018,136900
1943,9607,NL,966,K,2013,79500
1944,12500,ES,966,K,2012,96500
1945,6800,DE,966,M,2017,135000
1946,20000,TR,966,H,2014,98000
1947,14700,DE,966,K,2013,89000
1948,8359,NL,966,M,2016,124500
1949,9645,UK,966,M,2016,117154
1950,13569,NL,966,M,2015,98000
1951,9100,NL,966,K,2014,79500
1952,14457,DE,966,M,2015,92000
1953,16400,DK,966,K,2012,53000
1954,13748,NL,966,M,2014,86500
1955,10182,DE,966,K,2014,73700
1956,6549,FR,966,K,2013,95000
1957,6880,DE,966,K,2013,102350
1958,8514,NL,966,M,2017,129800
1959,9284,AT,966,M,2017,138500
1960,11300,FR,966,K,2010,75000
1961,14775,NL,966,M,2015,84900
1962,8962,DE,966,M,2015,89000
1963,8084,NL,966,M,2015,112500
1964,11509,HR,966,K,2013,72500
1965,7794,FR,966,M,2016,160000
1966,15950,DE,966,K,2013,71500
1967,9113,ES,966,K,2014,98500
1968,8969,ES,966,M,2016,153500
1969,8140,ES,966,K,2013,109000
1970,6257,ES,966,M,2017,175500
1971,6062,DE,966,K,2012,88500
1972,2530,FR,966,M,2018,230000
1973,10015,NL,966,M,2015,86500
1974,8856,NL,966,M,2016,117500
1975,12009,DE,966,M,2015,79000
1976,10941,DE,966,M,2016,95000
1977,8500,DE,966,M,2015,105000
1978,11380,DE,966,H,2010,79900
1979,16351,NL,966,H,2009,74500
1980,5440,FR,966,K,2013,150000
1981,18466,NL,966,M,2015,67500
1982,12135,DE,966,M,2015,73900
1983,11691,DE,966,K,2014,72500
1984,14615,NL,966,K,2012,59800
1985,8891,ES,966,K,2012,92000
1986,6568,IT,966,M,2017,153000
1987,13153,DE,966,M,2016,87500
1988,9812,DE,966,K,2014,84500
1989,10292,DE,966,M,2016,75000
1990,5426,CH,966,M,2016,164193
1991,14248,AT,966,K,2012,65000
1992,19000,NL,966,M,2014,54500
1993,12546,NL,966,K,2014,69900
1994,9510,BE,966,M,2017,103000
1995,10137,FR,966,K,2012,82000
1996,11289,FR,966,K,2010,59000
1997,12781,DE,966,K,2014,66500
1998,6395,DE,966,M,2018,160000
1999,3615,PL,966,M,2015,178237
2000,8528,NL,966,M,2015,86500
2001,11500,ES,966,K,2013,78000
2002,18000,NL,966,M,2015,67500
2003,9850,FR,966,M,2015,95000
2004,5439,FR,966,K,2013,99000
2005,10573,BE,966,M,2016,67000
2006,12062,FR,966,K,2013,80000
2007,15300,IT,966,M,2014,70000
2008,8800,DE,966,M,2016,125000
2009,10976,DE,966,M,2015,81900
2010,15663,GR,966,H,2010,80000
2011,15960,ES,966,M,2015,75000
2012,14792,EE,966,M,2016,84000
2013,398,BE,966,H,2015,209000
2014,10600,PT,966,M,2015,95000
2015,6000,RO,966,H,2015,75000
2016,13269,BE,966,K,2012,63500
2017,10500,BE,966,M,2014,79500
2018,9344,ES,966,M,2014,120000
2019,16020,UK,966,M,2014,76144
2020,7757,RU,966,L,2020,172942
2021,11930,GR,966,M,2015,1
2022,7500,PL,966,M,2015,96900
2023,5346,BE,966,M,2019,223000
2024,13370,DE,966,K,2013,69000
2025,13601,DE,966,K,2014,79000
2026,7370,DE,966,M,2016,95000
2027,8899,DE,966,M,2017,119000
2028,8328,FR,966,M,2016,150000
2029,14000,GR,966,K,2012,92000
2030,12430,RU,966,L,2017,140932
2031,6961,FR,966,M,2015,190000
2032,5439,DE,966,K,2013,109500
2033,11177,DE,966,K,2011,69000
2034,6700,DE,966,M,2017,125000
2035,9185,CH,966,K,2014,91842
2036,19589,CH,966,M,2014,54734
2037,9246,FR,966,K,2013,79000
2038,6555,ES,966,K,2013,108000
2039,4600,RO,966,M,2016,119000
2040,9300,SK,966,M,2016,104000
2041,9990,DE,966,M,2015,89999
2042,6773,DE,966,M,2017,129900
2043,7967,DE,966,M,2018,117900
2044,7982,DE,966,M,2018,127900
2045,17900,FI,966,K,2011,68000
2046,10800,IT,966,M,2017,183000
2047,10678,IT,966,M,2016,135000
2048,5751,BE,966,M,2017,178000
2049,10880,DE,966,M,2016,99000
2050,7924,DE,966,M,2016,90000
2051,13710,DE,966,K,2014,66000
2052,10500,UA,966,M,2016,91500
2053,9100,ES,966,M,2014,113000
2054,6051,DE,966,M,2017,139000
2055,5349,DE,966,K,2012,135000
2056,12334,DE,966,M,2015,85000
2057,7500,SK,966,K,2014,114000
2058,6322,GR,966,M,2015,140000
2059,8980,GR,966,M,2015,1
2060,6174,ES,966,M,2015,135000
2061,10657,ES,966,M,2015,94000
2062,8571,FR,966,M,2014,115000
2063,7155,NL,966,M,2015,92800
2064,6460,NL,966,M,2018,145000
2065,8542,NL,966,M,2017,119000
2066,11284,NL,966,M,2014,79900
2067,4610,DE,966,M,2017,149000
2068,16868,DE,966,K,2014,59000
2069,9967,DE,966,G,2013,55900
2070,9101,FR,966,K,2011,85000
2071,10674,PL,966,M,2015,87437
2072,11113,ES,966,K,2013,79900
2073,13380,ES,966,M,2016,120000
2074,8884,PL,966,M,2016,108245
2075,13421,IE,966,K,2012,80000
2076,710,PL,966,M,2017,157165
2077,14791,ES,966,M,2016,97500
2078,10134,FR,966,K,2012,85000
2079,13325,PL,966,K,2013,78000
2080,7877,ES,966,M,2015,151500
2081,8323,PT,966,M,2014,148000
2082,14000,GR,966,K,2011,1
2083,9882,GR,966,M,2018,147000
2084,14000,IT,966,K,2012,65000
2085,4409,BE,966,M,2019,215000
2086,7400,NL,966,M,2016,139000
2087,12600,NL,966,K,2012,65000
2088,12845,NL,966,K,2011,58500
2089,12200,DE,966,K,2014,66500
2090,5200,NL,966,M,2015,155000
2091,6137,PL,966,M,2017,140000
2092,7662,FR,966,M,2016,180000
2093,7410,PL,966,M,2017,182000
2094,5440,FR,966,K,2014,150000
2095,7834,FR,966,K,2014,165000
2096,9675,FR,966,M,2016,155000
2097,12283,FR,966,K,2011,110000
2098,13567,PL,966,K,2012,64000
2099,11500,PL,966,K,2012,65000
2100,11074,LU,966,M,2015,85000
2101,12133,DE,966,K,2012,72500
2102,3500,DE,966,M,2017,168000
2103,10558,BE,966,M,2016,69500
2104,11654,DE,966,K,2012,69000
2105,1782,BE,966,M,2019,209000
2106,14179,NL,966,K,2013,56800
2107,9943,DE,966,M,2015,94000
2108,8967,DE,966,M,2016,121800
2109,10995,DE,966,M,2015,77000
2110,8449,DE,966,M,2017,126000
2111,9629,NL,966,M,2015,81800
2112,10700,FR,966,K,2013,89000
2113,10235,DE,966,M,2014,115000
2114,6350,DE,966,M,2016,118000
2115,8150,DE,966,M,2015,84500
2116,6612,NL,966,K,2013,74500
2117,8951,BE,966,M,2014,99000
2118,10867,CH,966,K,2012,61900
2119,10539,IT,966,M,2017,183000
2120,8070,IT,966,M,2017,140000
2121,19902,FI,966,K,2012,75000
2122,12900,PT,966,M,2014,84500
2123,13164,IT,966,M,2014,89000
2124,8000,ES,966,K,2013,89000
2125,10000,ES,966,M,2014,95000
2126,1300,PL,966,M,2018,220584
2127,14390,PL,966,K,2012,74600
2128,11400,PT,966,K,2013,163000
2129,9283,FR,966,K,2012,78000
2130,10158,NL,966,K,2014,64800
2131,9924,BE,966,K,2011,92000
2132,12055,NL,966,M,2015,82500
2133,20000,TR,966,H,2011,1000
2134,21000,TR,966,H,2014,100000
2135,9750,FR,966,M,2015,113000
2136,17700,BE,966,K,2013,57000
2137,11300,TR,966,H,2011,60000
2138,7949,BE,966,M,2014,119000
2139,14847,NL,966,K,2013,59800
2140,11,DE,966,K,2011,69000
2141,6,DE,966,M,2017,139000
2142,9,UK,966,K ,2014,70278
2143,6,NL,966,M,2018,145000
2144,4,DE,966,M,2017,149000
2145,11,PT,966,K,2013,163000
2146,7,ES,966,M,2015,151500
2147,12,FR,966,K,2011,110000
2148,9,UK,966,M,2016,98940
2149,5,FR,966,K,2014,150000
2150,10,UK,966,K,2014,69840
2151,10,FR,966,K,2012,85000
2152,7,PL,966,M,2017,182000
2153,7,FR,966,M,2016,180000
2154,8,PT,966,M,2014,148000
2155,4,BE,966,M,2019,215000
2156,7,PT,966,M,2016,148500
2157,9,FR,966,M,2016,155000
2158,7,FR,966,K,2014,165000
2159,8,DE,966,M,2017,126000
2160,8,DE,966,M,2016,121800
2161,9,DE,966,M,2015,94000
2162,10,DE,966,M,2014,115000
2163,18800,CZ,D6,R,2002,64032
2164,17300,PL,D6,M,2003,42585
2165,14818,NL,D6,T,2011,63500
2166,15500,PL,D6,N,2010,59510
2167,18465,FR,D6,R,2003,55000
2168,11851,NL,D6,T,2016,112000
2169,8659,PL,D6,N,2015,109800
2170,9140,DE,D6,N,2012,89500
2171,12000,HU,D6,N,2013,112139
2172,22000,IT,D6,R,2003,60000
2173,5970,HU,D6,K,2012,140000
2174,18000,FI,D6,T,2009,86000
2175,11074,NL,D6,N,2016,109000
2176,14500,DE,D6,T,2014,105900
2177,8000,IT,D6,N,2004,75000
2178,6540,ES,D6,,2017,103000
2179,6502,DE,D6,T,2015,137500
2180,12500,DE,D6,R,2003,51000
2181,7300,SE,D6,T,2015,162514
2182,6814,DE,D6,K,2012,99000
2183,14840,DE,D6,N,2011,84032
2184,6500,CZ,D6,T,2015,124999
2185,20000,DE,D6,M,2004,44900
2186,8805,DE,D6,T,2015,127500
2187,9334,BE,D6,T,2010,82000
2188,8923,NL,D6,T,2010,89500
2189,13000,GR,D6,T,2011,115000
2190,7393,GB,D6,N,2015,125122
2191,10293,NO,D6,T,2016,158131
2192,6397,DE,D6,N,2012,63492
2193,5470,NL,D6,K,2017,125500
2194,10740,FR,D6,N,2012,46965
2195,10650,FR,D6,N,2013,48974
2196,11533,FR,D6,N,2013,46965
2197,10411,FR,D6,N,2012,46965
2198,8142,NL,D6,N,2012,89500
2199,11059,DE,D6,R,2007,81900
2200,8515,NL,D6,T,2012,120000
2201,18315,BE,D6,T,2008,64000
2202,8650,SE,D6,T,2013,141400
2203,10920,BE,D6,T,2015,119500
2204,12069,SK,D6,N,2007,70000
2205,12112,DE,D6,N,2004,54621
2206,13043,DE,D6,N,2011,85000
2207,16200,RO,D6,T,2010,100000
2208,9861,NL,D6,T,2016,139500
2209,8651,NL,D6,T,2016,149500
2210,9837,GB,D6,T,2011,93362
2211,13317,NO,D6,R,2007,94087
2212,5370,EE,D6,K,2017,130000
2213,20948,PL,D6,N,2010,61186
2214,11897,BE,D6,N,2013,94000
2215,7090,BE,D6,N,2012,105000
2216,10200,GB,D6,T,2015,149618
2217,19000,PL,D6,M,2006,48860
2218,15000,NL,D6,T,2009,67900
2219,3415,DE,D6,K,2018,177600
2220,14807,DE,D6,M,2002,52900
2221,9552,IT,D6,T,2013,135000
2222,12000,RO,D6,T,2012,99000
2223,10700,PL,D6,N,2009,75880
2224,15650,FR,D6,N,2003,54900
2225,14184,PL,D6,N,2008,58001
2226,18000,ES,D6,R,2003,70000
2227,14273,NO,D6,T,2010,97310
2228,9757,ES,D6,N,2013,145000
2229,12000,BY,D6,N,2006,65000
2230,13054,NL,D6,T,2014,97500
2231,13754,PL,D6,N,2007,63639
2232,10351,NL,D6,T,2014,114800
2233,6185,NL,D6,N,2017,169500
2234,3600,DE,D6,K,2018,177600
2235,8800,BE,D6,T,2012,140000
2236,13200,GR,D6,R,2007,98000
2237,11222,PL,D6,R,2006,78986
2238,12100,HU,D6,T,2012,111977
2239,20071,NL,D6,M,2002,34800
2240,15000,GB,D6,R,2004,46455
2241,3290,GB,D6,N,2011,164729
2242,8805,BE,D6,T,2012,131501
2243,6775,BE,D6,R,2018,165000
2244,9800,RO,D6,N,2011,64900
2245,22719,IT,D6,R,2002,57000
2246,6779,DE,D6,T,2010,104890
2247,7800,SK,D6,T,2016,165000
2248,16000,GB,D6,T,2012,83480
2249,11248,GB,D6,T,2015,125309
2250,6457,GB,D6,N,2015,140823
2251,7339,BE,D6,T,2012,95000
2252,14900,BE,D6,T,2011,64900
2253,7004,GB,D6,T,2016,155144
2254,7274,GB,D6,N,2015,113375
2255,7384,GB,D6,N,2015,106811
2256,21000,GB,D6,R,2006,61759
2257,10086,GB,D6,T,2018,155144
2258,17911,FI,D6,R,2002,48000
2259,16000,TR,D6,R,2012,90000
2260,5036,GB,D6,T,2012,175417
2261,11238,NL,D6,N,2012,91500
2262,10249,NL,D6,T,2015,114000
2263,4053,BE,D6,T,2016,195000
2264,2500,NL,D6,T,2012,177000
2265,5400,PL,D6,N,2012,115576
2266,10900,GB,D6,T,2011,119001
2267,7410,NO,D6,T,2010,113403
2268,2450,FI,D6,K,2016,145000
2269,8801,PL,D6,,2019,222000
2270,2380,UA,D6,M,2020,180000
2271,13500,UA,D6,R,2007,104000
2272,9461,PL,D6,T,2019,222000
2273,7294,BE,D6,T,2014,129000
2274,5400,PL,D6,N,2013,117700
2275,3620,FR,D6,K,2013,70000
2276,20000,HU,D6,N,2007,70000
2277,19382,HU,D6,M,2002,25000
2278,9331,BE,D6,T,2010,84000
2279,13494,NL,D6,R,2007,64900
2280,10742,NL,D6,N,2009,69500
2281,11438,NL,D6,N,2007,49800
2282,13620,HU,D6,M,2002,38972
2283,5896,DE,D6,N,2013,117890
2284,7621,IT,D6,N,2005,78000
2285,16250,ES,D6,R,2003,95000
2286,9699,ES,D6,K,2014,86000
2287,19662,HU,D6,R,2006,77000
2288,9500,RO,D6,R,2011,49000
2289,13500,DE,D6,T,2014,95900
2290,3975,DE,D6,N,2012,139950
2291,14324,GB,D6,T,2014,90000
2292,14874,GB,D6,N,2013,75000
2293,9316,LT,D6,N,2011,72500
2294,13537,DE,D6,N,2015,79500
2295,11700,BE,D6,T,2012,69000
2296,18000,UA,D6,M,2002,65000
2297,10400,NL,D6,N,2016,154000
2298,4661,DE,D6,N,2017,179900
2299,11000,LV,D6,R,2007,73500
2300,15700,SE,D6,R,2007,75913
2301,11000,RU,D6,R,2007,100399
2302,17400,PL,D6,N,2007,43110
2303,7176,PL,D6,N,2017,154700
2304,5625,NO,D6,,2006,65037
2305,19083,PL,D6,N,2007,59264
2306,5874,FR,D6,N,2012,160000
2307,8956,BE,D6,N,2012,94000
2308,13752,DE,D6,T,2011,86000
2309,14200,HU,D6,R,2007,60500
2310,3540,DE,D6,N,2017,179000
2311,9223,BE,D6,N,2011,84900
2312,5487,FR,D6,N,2014,165000
2313,5060,RO,D6,N,2006,138000
2314,14500,GE,D6,N,2006,53500
2315,12010,BE,D6,N,2013,99000
2316,8865,NO,D6,T,2016,175173
2317,13873,NL,D6,N,2003,43000
2318,2923,DE,D6,K,2013,79900
2319,3614,DE,D6,K,2013,78900
2320,13302,UA,D6,N,2008,73110
2321,8321,UK,D6,T,2016,155666
2322,2800,PL,D6,K,2018,118475
2323,16600,NL,D6,N,2005,49500
2324,19000,TR,D6,R,2004,68000
2325,12370,UA,D6,T,2013,159000
2326,7803,GE,D6,T,2013,154186
2327,10472,NL,D6,N,2012,97500
2328,7335,NL,D6,K,2016,89500
2329,4273,FR,D6,T,2012,110000
2330,17097,DE,D6,R,2007,55000
2331,6440,DE,D6,K,2015,81500
2332,5583,NL,D6,N,2014,112000
2333,9980,DE,D6,R,2003,65000
2334,8684,UK,D6,T,2014,112674
2335,8195,NL,D6,T,2015,129500
2336,12100,DE,D6,N,2007,61900
2337,11000,ES,D6,R,2007,91500
2338,12580,ES,D6,T,2012,65000
2339,10200,ES,D6,T,2014,72000
2340,16500,UA,D6,N,2013,101000
2341,11400,DE,D6,N,2008,53000
2342,6980,NL,D6,R,2007,71500
2343,2467,FR,D6,N,2019,220000
2344,7000,LT,D6,N,2009,59000
2345,4600,LT,D6,N,2013,72000
2346,23006,HU,D6,N,2005,54640
2347,13976,PL,D6,N,2012,80000
2348,10500,ES,D6,R,2008,70000
2349,21000,RO,D6,R,2002,31900
2350,20342,PL,D6,N,2010,71000
2351,10065,NL,D6,T,2008,67500
2352,17901,NL,D6,N,2010,59000
2353,8795,NL,D6,N,2005,59500
2354,11000,RU,D6,T,2011,162607
2355,9751,ES,D6,N,2013,158000
2356,3041,IT,D6,K,2017,159000
2357,14418,LT,D6,K,2008,46000
2358,8940,EE,D6,K,2012,68000
2359,18282,NL,D6,N,2008,49500
2360,17459,FR,D6,M,2002,42000
2361,8963,NL,D6,K,2010,52800
2362,12475,NO,D6,T,2013,104047
2363,7500,PL,D6,R,2008,92107
2364,18629,IT,D6,N,2006,15000
2365,16409,IT,D6,N,2003,15000
2366,20629,PL,D6,N,2010,43000
2367,3564,PL,D6,N,2018,219489
2368,10865,NL,D6,T,2011,89500
2369,4820,FR,D6,N,2014,152000
2370,4592,LT,D6,K,2017,110400
2371,4756,DE,D6,T,2016,175000
2372,11500,HU,D6,N,2013,103000
2373,11506,NL,D6,N,2007,43500
2374,13332,NL,D6,R,2005,59800
2375,13074,NL,D6,R,2007,62900
2376,16640,NL,D6,N,2005,47900
2377,13215,PL,D6,N,2013,94990
2378,16000,PL,D6,N,2007,57586
2379,715,BE,D6,,2018,155000
2380,7053,NL,D6,N,2017,165000
2381,12769,NL,D6,N,2014,78000
2382,16496,NL,D6,R,2008,57900
2383,11600,PL,D6,R,2008,52000
2384,7946,FR,D6,N,2013,110000
2385,4956,FR,D6,N,2018,205000
2386,2300,LT,D6,K,2018,139500
2387,13183,NL,D6,N,2014,79500
2388,13200,DE,D6,R,2004,78900
2389,5040,DE,D6,T,2016,198000
2390,17700,PL,D6,N,2006,35000
2391,20824,LV,D6,N,2003,42000
2392,3621,RU,D6,K,2013,119591
2393,8600,DE,D6,R,2005,71500
2394,3900,FR,D6,T,2016,225000
2395,13834,NL,D6,T,2008,75900
2396,11456,NL,D6,R,2008,74500
2397,8766,NL,D6,T,2015,129500
2398,4300,SE,D6,N,2017,214838
2399,8026,FR,D6,N,2014,127000
2400,16694,PL,D6,N,2006,53470
2401,9450,FR,D6,R,2002,64500
2402,10300,FI,D6,T,2011,129000
2403,12311,NL,D6,T,2012,93500
2404,9400,ES,D6,T,2015,125000
2405,15000,ES,D6,R,2007,75000
2406,9650,CZ,D6,K,2011,88702
2407,7883,FR,D6,N,2011,83900
2408,15202,NL,D6,N,2005,47800
2409,6345,FR,D6,T,2015,215000
2410,4443,FR,D6,T,2014,230000
2411,7500,GB,D6,T,2013,135000
2412,3537,PL,D6,N,2019,184000
2413,10189,FR,D6,N,2012,84500
2414,13026,NL,D6,R,2014,72800
2415,23890,GR,D6,R,2003,74000
2416,11407,NL,D6,N,2013,92500
2417,12900,PL,D6,T,2015,87000
2418,6400,PL,D6,K,2015,92000
2419,10000,PL,D6,N,2008,71000
2420,8700,BG,D6,N,2012,160000
2421,9246,FR,D6,N,2014,150000
2422,2384,CH,D6,N,2019,221732
2423,17167,PL,D6,R,2002,48051
2424,17270,PL,D6,N,2007,58991
2425,9509,RU,D6,N,2012,150474
2426,12500,DK,D6,N,2008,23585
2427,4993,FR,D6,T,2010,150000
2428,13576,NL,D6,N,2015,92500
2429,10462,NL,D6,N,2016,109000
2430,6775,DE,D6,K,2011,89000
2431,8903,NL,D6,T,2011,76900
2432,15593,NL,D6,K,2010,52800
2433,8176,FR,D6,N,2012,87000
2434,8892,FR,D6,N,2011,88000
2435,11900,PL,D6,N,2010,57500
2436,15013,LT,D6,K,2008,49000
2437,22355,NL,D6,N,2006,47800
2438,11626,NL,D6,K,2011,76500
2439,9300,EE,D6,N,2010,39000
2440,7345,BE,D6,N,2015,119000
2441,13338,NL,D6,K,2013,69500
2442,2238,DE,D6,K,2018,145000
2443,13575,NL,D6,R,2007,62900
2444,8017,DE,D6,R,2006,69500
2445,7505,AT,D6,K,2014,123000
2446,7581,RO,D6,T,2014,110500
2447,14803,PL,D6,N,2007,74550
2448,8959,NL,D6,K,2010,43000
2449,8660,FI,D6,K,2008,110102
2450,10735,HU,D6,N,2014,134625
2451,9480,FR,D6,R,2002,70
2452,7700,IT,D6,N,2014,115000
2453,4000,CZ,D6,K,2018,158000
2454,9032,RO,D6,K,2007,79900
2455,11967,AT,D6,N,2006,61800
2456,12831,PL,D6,M,2002,35740
2457,22897,HU,D6,N,2005,68958
2458,15620,PL,D6,N,2007,58500
2459,20450,RU,D6,R,2010,81813
2460,7296,PL,D6,N,2014,112643
2461,17000,RU,D6,R,2012,86626
2462,5920,PL,D6,N,2014,150165
2463,9900,ES,D6,K,2008,69500
2464,9600,RO,D6,N,2014,125000
2465,19500,NL,D6,R,2003,50000
2466,16380,PL,D6,R,2008,58000
2467,10600,SE,D6,T,2010,102999
2468,10145,NO,D6,T,2013,130269
2469,2100,HU,D6,T,2015,175000
2470,15900,BE,D6,T,2010,69900
2471,10500,PL,D6,N,2008,64000
2472,12500,RU,D6,N,2013,92100
2473,13264,PL,D6,N,2012,79731
2474,11500,HU,D6,M,2002,44900
2475,9500,RO,D6,R,2009,49000
2476,6200,LT,D6,K,2010,58500
2477,14745,PL,D6,N,2007,64440
2478,6730,PL,D6,N,2016,176063
2479,10800,SE,D6,N,2011,117603
2480,11126,HU,D6,K,2014,103035
2481,13900,ES,D6,T,2011,100000
2482,20400,FI,D6,R,2007,71000
2483,11000,RO,D6,N,2009,46500
2484,7942,PL,D6,K,2016,73108
2485,11000,SE,D6,N,2013,111994
2486,6805,IT,D6,T,2017,187500
2487,14007,NL,D6,,2008,55000
2488,3276,UK,D6,N,2019,215251
2489,8854,UK,D6,T,2015,127115
2490,9328,DE,D6,T,2010,107900
2491,3600,RO,D6,N,2009,31000
2492,7343,HU,D6,N,2015,129100
2493,16000,PL,D6,N,2009,77400
2494,13083,PL,D6,N,2008,60830
2495,10459,UA,D6,T,2011,85000
2496,9500,UA,D6,R,2005,65900
2497,19072,NL,D6,N,2006,46800
2498,14952,NL,D6,R,2007,65000
2499,6058,PL,D6,T,2018,169574
2500,15415,UA,D6,N,2012,99000
2501,21000,PL,D6,T,2008,61470
2502,9900,RO,D6,M,2003,36000
2503,9047,BE,D6,T,2009,96000
2504,6658,DE,D6,K,2016,115000
2505,9265,FR,D6,N,2012,89600
2506,17095,PL,D6,N,2007,65250
2507,7942,PL,D6,K,2013,72010
2508,10601,FR,D6,N,2011,84000
2509,12300,SE,D6,T,2009,68602
2510,20580,ES,D6,R,2003,65000
2511,7454,SK,D6,T,2016,176000
2512,5652,PL,D6,M,2003,67290
2513,14135,NO,D6,T,2010,96496
2514,12000,UA,D6,N,2005,75300
2515,17950,PL,D6,,2003,40940
2516,15700,PL,D6,N,2008,58660
2517,14000,PL,D6,M,2002,88520
2518,11800,UA,D6,N,2007,88000
2519,21736,NL,D6,N,2008,47000
2520,10000,RO,D6,N,2013,125000
2521,4500,LT,D6,K,2014,60500
2522,16330,PL,D6,R,2007,52680
2523,12000,UA,D6,T,2012,130500
2524,11200,UA,D6,T,2011,128000
2525,9232,IT,D6,N,2007,79000
2526,15998,NL,D6,T,2010,69800
2527,22000,UA,D6,R,2002,89000
2528,22000,UA,D6,T,2009,299
2529,16000,UA,D6,R,2006,97000
2530,15000,UA,D6,R,2006,299
2531,12000,UA,D6,T,2009,120000
2532,3800,PL,D6,K,2007,89650
2533,9336,PL,D6,N,2011,87430
2534,11770,NL,D6,T,2008,85000
2535,4892,DE,D6,N,2017,169000
2536,6946,DE,D6,T,2014,123900
2537,8020,DE,D6,T,2014,129000
2538,11200,ES,D6,N,2007,82000
2539,8971,FR,D6,T,2008,79900
2540,4800,LT,D6,N,2013,75500
2541,4332,DE,D6,N,2014,136000
2542,10600,DE,D6,T,2013,108000
2543,6016,DE,D6,N,2016,149889
2544,3694,FR,D6,T,2016,225000
2545,10000,IT,D6,T,2009,77000
2546,12000,PL,D6,N,2008,70892
2547,9861,LV,D6,N,2004,40000
2548,10000,PL,D6,R,2002,44286
2549,10822,PL,D6,T,2013,100800
2550,17500,ES,D6,T,2013,65000
2551,17500,FI,D6,R,2002,44355
2552,10285,RU,D6,T,2008,88811
2553,19200,PL,D6,N,2006,59372
2554,9900,RU,D6,R,2014,156740
2555,13900,PL,D6,K,2010,61588
2556,3606,PL,D6,N,2017,209797
2557,15200,PL,D6,N,2010,63582
2558,8435,EE,D6,N,2004,85000
2559,11050,PL,D6,K,2007,67000
2560,13743,ES,D6,T,2011,84900
2561,13000,PL,D6,N,2012,87951
2562,11430,PL,D6,N,2010,79743
2563,12000,ES,D6,R,2002,65000
2564,9000,RO,D6,K,2009,49900
2565,3057,PL,D6,N,2019,208000
2566,3328,PL,D6,N,2019,197000
2567,19070,PL,D6,N,2007,59340
2568,2318,IT,D6,N,2013,125000
2569,15000,RU,D6,N,2009,67281
2570,11350,FI,D6,R,2007,73000
2571,8400,LT,D6,R,2002,35500
2572,6600,LT,D6,R,2004,34900
2573,7000,LT,D6,K,2010,57800
2574,9900,LT,D6,K,2010,52500
2575,10000,LT,D6,N,2010,46500
2576,10000,LT,D6,N,2007,42500
2577,17954,NL,D6,N,2007,59800
2578,7000,LT,D6,T,2011,78000
2579,9188,BE,D6,N,2013,109000
2580,8262,DE,D6,T,2015,129900
2581,18216,NL,D6,T,2008,59800
2582,4400,RO,D6,T,2014,118000
2583,10669,DE,D6,N,2010,66500
2584,2900,DE,D6,N,2018,189000
2585,6594,BE,D6,T,2015,152000
2586,6502,NL,D6,R,2007,25000
2587,8960,DE,D6,T,2011,69748
2588,14442,DE,D6,T,2008,65000
2589,4823,DE,D6,N,2017,175000
2590,7336,GB,D6,N,2015,103000
2591,20771,BE,D6,,2002,53000
2592,12525,DE,D6,,2007,62500
2593,13493,NL,D6,R,2007,54500
2594,1960,NL,D6,N,2019,199500
2595,9420,CH,D6,M,2002,67369
2596,13331,NL,D6,R,2005,52500
2597,8854,NL,D6,R,2008,56750
2598,15324,NL,D6,T,2010,73900
2599,6468,DE,D6,T,2016,188200
2600,5256,DE,D6,K,2017,129900
2601,8966,UK,D6,N,2014,110446
2602,4908,NL,D6,T,2017,182500
2603,10055,NL,D6,R,2011,71700
2604,14471,NL,D6,R,2006,49800
2605,16696,NL,D6,M,2002,42500
2606,15725,NL,D6,R,2006,48500
2607,13337,NL,D6,T,2009,64950
2608,10100,NL,D6,T,2013,175000
2609,11200,NL,D6,T,2011,77500
2610,11221,NL,D6,T,2008,72000
2611,10863,NL,D6,T,2011,104900
2612,15135,NL,D6,N,2011,74800
2613,18000,DE,D6,N,2014,144000
2614,12000,DE,D6,N,2014,93900
2615,3745,NL,D6,R,2014,89800
2616,8455,NL,D6,N,2011,90500
2617,3933,NL,D6,R,2014,87800
2618,11000,NL,D6,N,2007,56900
2619,3570,DE,D6,K,2017,139900
2620,10032,CH,D6,R,2002,89500
2621,8121,LU,D6,R,2006,90000
2622,18743,LU,D6,N,2012,65600
2623,7950,LU,D6,N,2006,63600
2624,7935,DE,D6,T,2013,117000
2625,8560,DE,D6,T,2015,127500
2626,10997,DE,D6,N,2012,99500
2627,10189,DE,D6,N,2012,99600
2628,12489,LU,D6,N,2010,79900
2629,8521,LU,D6,R,2005,69500
2630,9668,LU,D6,T,2015,117900
2631,14367,LU,D6,R,2012,75000
2632,7581,LU,D6,T,2014,114600
2633,5586,LU,D6,N,2014,117000
2634,6322,IT,D6,N,2017,160000
2635,8649,IT,D6,N,2015,120000
2636,440,DE,D6,K,2018,185000
2637,2,DE,D6,K,2018,145000
2638,6,DE,D6,T,2016,188200
2639,5,DE,D6,K,2017,129900
2640,8,DE,D6,T,2014,129000
2641,4,DE,D6,N,2014,136000
2642,11,AT,D6,N,2007,61800
2643,13,FR,D6,R,2007,55000
2644,5,FR,D6,N,2017,195000
2645,3,FR,D6,N,2014,180000
2646,10,SE,D6,T,2010,103333
2647,16,RU,D6,R,2017,119113
2648,3,PL,D6,N,2019,224000
2649,8,PT,D6,T,2008,134000
2650,12,FR,D6,R,2007,67000
2651,11,FR,D6,R,2007,75000
2652,6,PL,D6,N,2016,175870
2653,9,RU,D6,R,2014,156720
2654,5,PL,D6,N,2014,149000
2655,14,PT,D6,R,2005,120000
2656,3,UK,D6,K,2015,116400
2657,3,PL,D6,N,2017,209627
2658,2,PL,D6,N,2019,209000
2659,3,DE,D6,K,2017,139900
2660,4,DE,D6,N,2017,175000
2661,1,PL,M318,C,2005,41890
2662,1,PL,M318,C,2005,41982
2663,3,DE,M318,F,2015,116000
2664,4,DE,M318,F,2016,112000
2665,5,PL,M318,D,2012,102732
2666,8,ES,M318,F,2014,106500
2667,8,ES,M318,D,2014,124500
2668,11,PL,M318,D,2009,66384
2669,12,PL,M318,D,2011,63772
2670,100,DE,M318,C,2004,4200
2671,527,PL,M318,F,2014,168107
2672,1788,DE,M318,F,2016,139500
2673,2652,FR,M318,F,2016,150000
2674,2656,PL,M318,F,2018,124500
2675,2674,PL,M318,F,2016,153000
2676,2682,DE,M318,F,2016,124900
2677,2687,NL,M318,F,2016,139500
2678,3200,ES,M318,F,2019,155000
2679,4142,PL,M318,F,2015,129000
2680,4181,CH,M318,F,2015,149696
2681,4280,ES,M318,F,2017,147000
2682,4475,LV,M318,F,2018,130000
2683,4829,ES,M318,D,2010,100000
2684,4883,ES,M318,D,2010,100000
2685,5048,LT,M318,F,2014,125000
2686,5101,DE,M318,F,2016,115000
2687,5141,FI,M318,F,2018,99000
2688,5148,GR,M318,D,2012,92000
2689,5409,NL,M318,D,2012,77900
2690,5411,HU,M318,D,2012,85650
2691,5589,NL,M318,F,2017,119500
2692,5768,DE,M318,F,2015,93900
2693,5865,PL,M318,D,2012,102732
2694,5900,PL,M318,F,2015,107400
2695,5958,DE,M318,D,2012,88000
2696,5963,DE,M318,D,2012,85000
2697,5968,DE,M318,D,2012,82500
2698,5980,FI,M318,,2016,129900
2699,6050,FR,M318,D,2010,99000
2700,6200,PL,M318,F,2015,118600
2701,6250,PL,M318,D,2012,87726
2702,6500,DE,M318,D,2008,79900
2703,6589,DE,M318,F,2015,95900
2704,6751,HU,M318,F,2017,123230
2705,6800,PL,M318,F,2017,99000
2706,6831,PL,M318,F,2016,126000
2707,7000,PL,M318,D,2013,100000
2708,7000,LT,M318,D,2011,41500
2709,7080,DE,M318,F,2015,87900
2710,7214,DE,M318,F,2016,99000
2711,7300,PL,M318,F,2015,94000
2712,7310,NL,M318,F,2015,86800
2713,7539,PL,M318,F,2016,123000
2714,7543,DE,M318,F,2016,100500
2715,7600,UA,M318,D,2007,45000
2716,7700,ES,M318,D,2013,89000
2717,7738,BE,M318,D,2013,65000
2718,7791,HU,M318,F,2016,115360
2719,7820,NO,M318,F,2015,105251
2720,8000,PL,M318,F,2015,89708
2721,8000,SK,M318,F,2016,157000
2722,8124,NL,M318,C,2004,34500
2723,8130,PL,M318,C,2004,33500
2724,8300,DE,M318,D,2012,55000
2725,8314,DE,M318,D,2010,65000
2726,8497,AT,M318,C,2004,32900
2727,8500,PL,M318,F,2015,87804
2728,8575,DE,M318,C,2006,42500
2729,8619,HU,M318,C,2007,52000
2730,8630,PL,M318,F,2015,103000
2731,8914,IT,M318,D,2012,88000
2732,8915,PL,M318,F,2016,100000
2733,8920,PL,M318,F,2016,99000
2734,9000,DE,M318,C,2004,29500
2735,9197,DE,M318,C,2004,37900
2736,9200,PL,M318,D,2011,63670
2737,9228,LT,M318,C,2007,34000
2738,9231,LT,M318,C,2007,34500
2739,9243,DE,M318,D,2012,69900
2740,9360,DE,M318,D,2014,74500
2741,9384,NL,M318,C,2003,38900
2742,9400,DE,M318,D,2010,49000
2743,9502,NL,M318,D,2010,54250
2744,9547,LT,M318,C,2007,34500
2745,9600,DE,M318,D,2011,65000
2746,9690,CH,M318,D,2011,52900
2747,9703,DE,M318,D,2011,67900
2748,9731,DE,M318,F,2015,92000
2749,9900,PL,M318,D,2012,70243
2750,10000,DE,M318,D,2009,57773
2751,10000,PL,M318,D,2008,52590
2752,10000,RO,M318,D,2009,65000
2753,10050,PL,M318,D,2013,68500
2754,10106,NL,M318,D,2011,62000
2755,10134,DE,M318,D,2014,79000
2756,10178,NL,M318,D,2013,66800
2757,10200,DE,M318,D,2008,48500
2758,10220,PL,M318,D,2011,70700
2759,10250,DE,M318,D,2014,69900
2760,10356,PL,M318,D,2012,52890
2761,10363,NL,M318,F,2016,79500
2762,10382,DE,M318,D,2013,65000
2763,10500,PL,M318,D,2011,57478
2764,10500,DE,M318,D,2011,67500
2765,10526,NL,M318,C,2004,41900
2766,10600,PL,M318,D,2012,62684
2767,10667,DE,M318,D,2008,55950
2768,10670,PL,M318,D,2010,56154
2769,10694,NL,M318,D,2007,53800
2770,10740,DE,M318,C,2003,44500
2771,10995,PL,M318,D,2012,64208
2772,11000,UA,M318,D,2008,83200
2773,11000,PL,M318,F,2016,96369
2774,11006,NL,M318,D,2008,50900
2775,11058,UA,M318,D,2012,83000
2776,11099,HR,M318,D,2012,1
2777,11228,PL,M318,C,2006,39775
2778,11300,PL,M318,D,2013,69480
2779,11384,PL,M318,D,2009,66384
2780,11500,DE,M318,D,2009,60000
2781,11660,LV,M318,F,2014,86000
2782,11700,DE,M318,D,2007,53000
2783,11809,PL,M318,C,2006,44050
2784,12000,RO,M318,D,2008,53500
2785,12000,ES,M318,D,2008,65000
2786,12040,NL,M318,C,2005,39000
2787,12069,SI,M318,D,2011,60000
2788,12258,NL,M318,C,2004,37500
2789,12400,HU,M318,D,2013,62500
2790,12423,NL,M318,D,2009,54900
2791,12465,PL,M318,D,2013,60500
2792,12550,NL,M318,D,2012,61800
2793,12556,PL,M318,D,2011,63772
2794,12823,NL,M318,D,2014,62800
2795,12932,DE,M318,D,2008,49000
2796,12968,NL,M318,D,2012,64000
2797,12975,DE,M318,C,2006,42500
2798,13190,NL,M318,D,2012,69900
2799,13346,PL,M318,C,2004,29000
2800,13500,NL,M318,C,2006,54000
2801,13682,BE,M318,D,2010,59500
2802,13874,NL,M318,C,2004,39800
2803,14111,NL,M318,D,2008,46900
2804,14460,BE,M318,D,2009,54950
2805,15000,ES,M318,C,2005,55000
2806,15580,PL,M318,D,2011,32000
2807,15757,DE,M318,C,2005,42900
2808,16394,BE,M318,D,2009,44500
2809,16470,DE,M318,C,2004,34900
2810,16800,NL,M318,D,2010,51900
2811,17420,NL,M318,D,2011,46800
2812,18000,PL,M318,C,2005,40180
